"145,616,6,178,264,242,70,92"
"119,534,4,154,253,233,62,78"
"122,534,4,157,248,233,61,78"
"118,529,5,191,252,230,61,79"
"119,529,5,241,254,231,63,113"
"117,541,5,287,262,233,68,108"
"117,572,5,330,269,237,68,134"
"118,631,4,372,279,249,69,168"
"117,678,3,414,288,254,70,195"
"119,727,6,454,296,259,72,259"
"121,762,5,486,305,286,74,256"
"121,792,4,523,316,269,79,287"
"124,810,3,550,326,275,83,316"
"124,830,5,573,339,279,80,354"
"129,848,6,597,346,275,86,375"
"131,860,4,608,355,287,88,399"
"139,875,6,629,366,290,88,423"
"142,884,8,640,377,295,95,447"
"146,896,2,652,385,297,94,465"
"151,906,4,662,393,301,96,482"
"156,908,4,669,404,306,99,501"
"162,914,6,674,414,310,101,515"
"164,943,6,680,421,312,109,525"
"173,918,0,686,429,317,105,539"
"179,928,5,690,436,322,109,553"
"188,932,5,693,448,346,112,563"
"194,938,4,695,451,329,113,573"
"208,962,6,700,448,333,115,584"
"205,943,5,700,469,338,119,590"
"215,943,2,691,469,339,121,597"
"215,949,3,705,474,343,137,602"
"229,953,1,705,479,346,127,610"
"237,955,4,707,484,350,129,611"
"242,954,5,706,488,349,131,614"
"251,956,5,709,488,353,131,629"
"259,958,5,707,497,356,134,626"
"266,959,6,708,509,360,139,630"
"278,957,6,719,500,361,141,632"
"277,957,6,706,501,366,141,629"
"289,962,6,707,506,365,154,638"
"290,963,4,707,521,369,145,639"
"289,959,4,708,509,369,146,642"
"319,972,5,710,511,371,149,642"
"305,963,14,709,513,370,154,642"
"314,970,5,711,512,372,155,644"
"323,967,3,713,516,374,156,647"
"324,974,5,715,516,378,157,669"
"323,967,4,715,515,376,157,650"
"333,968,5,710,516,377,160,650"
"338,966,7,714,514,378,161,666"
"343,968,3,714,518,379,164,651"
"345,971,5,714,521,381,164,652"
"351,971,0,715,518,382,163,654"
"354,971,6,715,522,380,174,652"
"359,975,5,714,518,382,169,651"
"362,973,3,725,520,382,169,651"
"366,969,4,703,518,381,172,653"
"368,970,5,715,520,381,173,651"
"374,970,3,717,519,382,173,654"
"375,974,4,718,518,382,172,662"
"377,970,3,717,519,387,190,653"
"382,960,5,717,517,385,180,651"
"383,976,4,720,518,382,180,651"
"384,970,0,709,518,388,182,651"
"388,975,5,717,517,383,180,652"
"387,973,6,718,518,384,181,649"
"392,970,5,719,517,385,182,649"
"394,967,6,716,518,386,185,653"
"396,971,5,721,517,382,191,650"
"398,978,0,721,516,381,186,651"
"400,971,18,723,516,405,186,648"
"404,973,4,727,516,382,185,650"
"403,973,10,719,516,382,182,649"
"405,974,5,722,516,382,188,649"
"408,969,4,719,515,380,187,648"
"408,972,5,721,515,384,206,646"
"406,974,7,721,529,379,190,645"
"408,974,4,722,513,377,191,650"
"413,973,5,724,514,379,193,643"
"415,969,5,727,516,379,193,644"
"413,969,3,724,522,402,193,646"
"415,974,6,726,513,378,207,645"
"417,971,5,724,512,383,197,647"
"415,973,4,724,514,382,214,645"
"420,967,7,723,511,378,195,647"
"420,968,4,718,515,377,199,655"
"420,970,4,723,513,379,186,653"
"422,972,5,724,511,377,193,645"
"422,972,9,727,512,376,200,642"
"424,980,6,719,513,376,201,643"
"424,968,6,722,511,378,199,643"
"425,969,4,727,513,376,202,639"
"427,971,4,727,511,373,199,640"
"426,965,5,723,511,376,202,639"
"426,970,3,727,531,376,201,643"
"431,970,4,730,518,381,201,639"
"428,972,3,725,522,374,204,640"
"431,971,8,728,509,378,203,637"
"422,971,5,725,510,374,221,638"
"430,971,5,725,506,374,204,637"
"433,966,4,725,511,373,203,637"
"434,975,9,726,510,371,204,637"
"435,970,5,725,510,373,205,643"
"433,970,5,727,509,371,205,634"
"435,961,0,728,506,373,207,629"
"433,972,5,726,507,370,208,633"
"436,969,16,725,509,370,208,633"
"437,973,5,728,508,370,210,634"
"438,971,6,727,518,369,208,634"
"441,959,8,725,508,374,210,633"
"438,987,5,727,517,372,206,632"
"438,968,4,738,510,360,209,631"
"438,973,5,729,510,369,210,632"
"441,966,14,726,509,368,211,632"
"442,967,5,727,508,369,210,631"
"442,972,4,729,512,363,214,629"
"440,974,5,727,508,367,211,630"
"445,967,5,730,509,363,202,625"
"448,969,5,718,508,368,214,628"
"444,967,5,735,508,364,213,626"
"443,970,5,727,505,383,224,628"
"444,955,4,727,500,370,215,628"
"448,966,6,729,507,367,212,624"
"446,970,9,730,507,365,212,627"
"449,968,5,727,506,366,212,624"
"446,970,5,730,508,366,214,626"
"444,966,5,725,511,364,215,639"
"447,958,5,729,505,369,214,625"
"449,969,3,729,507,366,215,626"
"445,967,12,729,506,368,219,631"
"447,967,5,728,502,365,217,628"
"449,968,5,729,506,366,216,623"
"449,970,10,731,507,365,216,622"
"450,966,2,728,506,369,214,622"
"450,968,10,727,512,366,241,623"
"451,968,24,727,503,364,220,622"
"450,965,5,729,511,370,218,622"
"451,967,4,729,506,364,209,621"
"452,966,7,727,505,364,217,620"
"453,972,5,726,506,364,216,621"
"453,965,4,757,507,363,218,618"
"451,962,3,729,506,367,219,619"
"454,964,4,731,505,366,220,619"
"451,964,4,729,517,362,208,626"
"451,966,5,728,503,363,217,617"
"452,965,4,726,516,359,222,618"
"454,970,4,718,505,367,220,615"
"454,965,15,728,504,369,218,618"
"455,959,5,727,505,366,219,621"
"455,966,5,727,503,367,220,615"
"454,966,4,730,506,365,219,616"
"461,963,5,723,504,360,221,619"
"457,987,5,726,504,363,220,618"
"455,961,4,727,503,362,223,617"
"456,963,4,728,503,363,221,615"
"468,964,4,725,506,367,224,616"
"456,964,4,735,505,361,223,619"
"458,963,6,730,505,362,221,614"
"457,965,5,732,503,359,222,615"
"459,965,5,726,504,362,222,601"
"456,965,4,722,505,361,223,628"
"457,964,3,729,503,368,220,614"
"457,963,4,722,504,357,224,615"
"458,959,3,729,503,361,219,613"
"466,964,5,726,504,363,223,613"
"460,962,3,737,502,359,224,611"
"457,962,5,726,503,362,212,613"
"460,964,5,733,503,362,223,611"
"459,963,4,730,503,361,226,612"
"464,963,4,729,503,361,227,612"
"462,969,4,728,502,360,224,609"
"460,961,6,727,504,360,225,611"
"461,961,4,727,503,364,224,612"
"463,961,4,729,501,362,223,613"
"460,964,4,743,493,364,228,612"
"463,961,4,727,503,363,224,612"
"463,963,4,728,505,361,226,612"
"460,965,2,727,502,365,225,612"
"461,960,5,727,502,362,226,608"
"458,953,6,725,502,363,226,609"
"462,957,4,717,501,363,226,623"
"461,958,5,728,501,363,231,610"
"461,960,4,729,500,365,227,622"
"459,959,5,732,503,361,227,606"
"461,959,5,730,497,362,226,606"
"461,957,5,727,502,361,227,609"
"462,958,6,727,500,361,228,618"
"463,960,4,723,501,362,227,607"
"462,964,4,724,501,362,226,607"
"463,963,8,725,500,361,227,606"
"465,962,7,723,500,364,227,610"
"466,961,4,734,501,360,227,608"
"463,956,2,725,501,361,226,606"
"464,959,4,724,501,364,227,606"
"465,962,4,722,499,359,227,606"
"467,961,4,726,495,352,228,606"
"464,961,0,724,499,362,226,605"
"465,960,5,728,501,363,227,609"
"463,962,4,724,501,386,225,605"
"465,962,5,725,499,362,229,607"
"467,959,10,723,504,357,217,606"
"468,958,25,730,500,360,228,604"
"470,959,4,726,499,361,228,606"
"467,958,4,725,494,362,229,609"
"466,957,4,724,499,363,229,606"
"468,962,7,725,501,362,229,604"
"465,955,4,724,500,365,229,607"
"470,965,4,725,499,364,229,607"
"469,959,4,726,498,366,229,608"
"469,961,6,731,497,365,230,612"
"472,958,5,730,498,369,230,612"
"470,958,5,724,495,364,231,609"
"473,958,6,724,502,366,230,608"
"471,959,3,726,503,363,258,608"
"470,957,2,728,497,360,230,607"
"471,963,4,726,499,365,230,604"
"472,952,5,726,499,366,228,611"
"490,956,4,724,502,365,231,609"
"469,956,5,725,500,366,232,609"
"473,958,5,726,498,367,219,607"
"476,954,3,724,498,367,232,611"
"471,961,4,725,498,370,232,607"
"474,957,5,726,497,366,233,610"
"477,955,5,724,495,365,234,611"
"476,956,5,725,496,366,230,611"
"475,961,5,723,502,365,229,616"
"475,959,0,726,497,367,235,611"
"471,953,5,730,498,366,232,619"
"472,953,5,726,496,369,232,611"
"474,955,5,724,498,367,231,608"
"475,953,4,723,500,367,232,610"
"464,953,5,724,493,367,234,611"
"479,956,7,723,499,367,234,615"
"477,960,5,724,497,368,233,607"
"477,955,5,723,496,368,235,610"
"482,956,3,726,497,366,234,609"
"474,952,11,722,495,368,233,609"
"475,951,5,720,501,366,235,609"
"476,950,22,721,496,363,246,611"
"479,956,4,721,496,368,234,612"
"479,976,3,722,496,362,235,610"
"476,956,11,712,496,366,233,608"
"476,947,5,723,496,368,233,614"
"478,949,5,718,498,368,236,610"
"478,954,4,728,496,370,231,615"
"484,953,4,722,499,368,234,610"
"477,954,5,728,493,367,237,609"
"481,944,5,722,497,368,234,616"
"479,948,5,722,494,368,234,613"
"487,953,4,720,495,362,234,611"
"477,953,5,723,496,367,233,607"
"476,950,3,723,494,367,234,609"
"478,946,5,720,493,368,235,612"
"480,949,44,721,493,367,230,612"
"481,947,6,719,497,368,233,610"
"480,949,2,723,495,368,235,608"
"481,951,4,724,490,373,238,610"
"481,949,5,720,499,369,234,621"
"481,951,5,723,499,371,234,610"
"479,950,1,721,493,368,231,610"
"479,947,3,722,493,370,234,610"
"482,953,4,719,493,369,234,610"
"480,946,5,719,492,367,234,605"
"480,947,5,718,493,368,235,609"
"477,948,5,718,494,368,240,607"
"480,950,1,717,491,368,235,613"
"473,946,5,717,491,367,234,607"
"479,947,3,719,494,370,236,606"
"481,952,4,715,492,370,234,609"
"486,945,5,717,489,370,233,608"
"476,949,5,719,490,369,234,611"
"480,946,5,721,492,367,234,608"
"482,945,5,726,492,370,235,610"
"483,947,4,718,491,371,233,608"
"483,950,4,722,495,371,236,608"
"478,949,3,718,493,370,228,606"
"500,947,2,717,490,370,234,609"
"482,949,8,717,492,366,232,611"
"482,944,4,721,490,372,233,609"
"483,944,5,715,491,372,235,611"
"482,948,3,717,490,372,235,610"
"483,944,4,717,491,372,235,611"
"481,946,5,715,491,379,235,612"
"486,972,5,708,498,372,235,611"
"486,948,5,719,490,375,244,610"
"485,946,8,718,498,373,234,610"
"485,946,3,717,491,374,238,612"
"485,947,5,717,492,374,235,610"
"485,942,5,714,492,374,236,611"
"488,945,4,717,489,378,236,612"
"476,942,4,717,491,372,235,598"
"484,940,5,719,491,374,232,616"
"486,943,2,716,489,374,238,611"
"488,945,5,716,483,375,235,612"
"487,946,2,720,490,376,235,614"
"499,949,5,716,492,376,238,616"
"490,943,6,744,489,375,235,612"
"491,940,6,719,490,376,238,639"
"490,943,6,717,492,396,237,613"
"486,948,5,718,490,375,236,612"
"489,942,5,718,490,376,236,615"
"504,944,3,718,491,377,237,613"
"491,952,4,719,489,379,238,618"
"491,942,5,719,487,378,238,615"
"491,944,5,722,490,376,237,611"
"488,945,5,721,492,379,236,613"
"491,940,5,717,489,377,237,615"
"494,944,7,721,490,378,237,610"
"501,939,5,716,491,392,238,614"
"493,947,4,721,490,377,237,615"
"493,945,5,718,493,377,238,616"
"492,944,13,716,490,379,246,613"
"493,944,3,718,489,401,246,616"
"495,942,3,718,502,379,238,616"
"497,945,2,718,508,376,239,602"
"493,945,5,720,490,377,239,612"
"493,940,4,718,489,380,238,616"
"497,947,5,719,489,381,239,616"
"494,942,8,708,492,380,238,616"
"494,944,4,720,489,381,238,618"
"492,946,4,721,489,380,234,615"
"499,945,6,718,489,381,237,614"
"493,943,4,717,494,380,239,618"
"497,950,5,718,492,383,240,617"
"497,942,4,720,489,381,268,617"
"194,822,8,289,295,256,122,112"
"197,813,19,315,295,256,122,123"
"193,811,5,284,295,256,120,124"
"185,809,6,281,293,255,118,123"
"189,807,4,279,293,256,118,121"
"190,800,5,279,293,255,118,122"
"188,798,5,274,292,256,119,119"
"188,798,5,272,290,255,115,115"
"190,796,4,270,288,253,116,119"
"186,789,5,267,288,253,115,118"
"192,791,3,264,289,253,113,119"
"185,785,6,264,288,253,112,117"
"185,783,1,260,284,252,112,117"
"184,779,4,259,284,252,112,117"
"182,774,7,249,285,252,111,117"
"180,772,5,258,281,251,109,115"
"180,776,14,280,283,254,110,114"
"185,773,5,251,283,251,109,113"
"173,763,6,250,283,247,122,114"
"180,765,5,250,281,250,109,115"
"179,764,8,248,276,252,107,115"
"175,762,13,242,279,251,107,108"
"173,757,5,244,275,251,108,113"
"174,753,5,242,280,250,105,112"
"176,753,5,241,278,249,104,112"
"173,753,7,239,293,250,105,111"
"175,751,6,239,276,249,102,111"
"174,742,4,238,276,249,105,114"
"173,745,6,235,274,248,102,111"
"172,741,5,233,274,251,100,110"
"167,741,5,232,268,251,102,110"
"172,740,5,227,274,247,105,109"
"170,734,4,231,274,249,100,117"
"169,733,4,227,283,251,101,110"
"171,733,5,231,272,247,100,108"
"169,726,4,221,272,248,101,108"
"168,728,5,225,272,250,99,107"
"163,726,5,223,272,247,99,93"
"170,726,5,225,270,247,102,111"
"167,723,5,226,270,250,97,105"
"164,723,5,221,269,247,98,108"
"167,722,5,220,269,247,98,107"
"165,718,4,217,268,242,100,103"
"162,722,0,217,269,245,98,105"
"164,713,5,216,266,246,96,105"
"164,712,0,214,269,259,96,106"
"163,710,6,212,268,246,97,105"
"164,711,5,213,269,249,95,106"
"163,712,4,211,266,249,93,106"
"163,705,7,210,265,246,93,105"
"164,693,1,214,265,244,94,103"
"163,703,5,208,265,248,106,104"
"162,697,5,207,264,245,94,102"
"161,698,18,205,264,245,93,103"
"160,698,6,207,264,248,94,101"
"160,697,5,206,263,244,92,100"
"160,691,2,234,267,244,93,102"
"159,694,3,203,262,245,91,101"
"157,692,4,202,255,244,97,101"
"149,688,5,200,260,239,90,103"
"158,689,27,201,264,247,100,104"
"155,685,5,200,261,244,96,105"
"155,689,0,201,262,244,92,102"
"157,681,6,224,253,248,89,101"
"155,682,4,198,259,246,90,96"
"153,682,5,195,261,244,90,103"
"158,679,1,195,259,244,90,101"
"154,671,6,197,261,241,87,99"
"155,692,5,194,260,256,88,100"
"155,679,32,194,259,245,96,101"
"154,674,21,192,261,242,89,101"
"155,669,4,193,259,242,86,102"
"153,671,5,192,259,242,86,102"
"154,670,10,191,269,245,87,101"
"153,673,10,190,260,243,92,100"
"153,663,6,190,257,245,86,101"
"151,669,3,189,258,242,86,100"
"150,665,7,191,259,241,88,107"
"151,665,5,189,256,238,100,102"
"153,663,6,187,257,243,88,102"
"153,659,5,187,256,241,85,102"
"153,661,10,189,257,243,83,102"
"150,666,4,185,256,235,85,103"
"148,659,0,186,255,241,83,105"
"148,658,5,186,256,243,84,107"
"150,656,5,185,255,241,83,105"
"149,656,8,184,254,242,87,111"
"151,655,5,185,256,241,85,134"
"149,656,5,183,255,241,85,128"
"149,654,1,182,254,241,85,131"
"147,652,5,180,255,242,83,126"
"149,648,8,181,254,242,83,116"
"149,647,7,180,252,242,86,120"
"145,645,5,185,255,244,81,120"
"146,642,5,181,253,241,82,122"
"149,647,6,180,257,244,82,126"
"147,648,33,178,252,240,81,120"
"152,644,13,179,253,242,81,119"
"145,644,6,178,252,239,91,119"
"149,642,5,180,253,241,80,118"
"146,639,7,176,246,239,81,117"
"149,643,10,176,255,230,82,118"
"145,639,10,176,252,240,81,119"
"145,639,5,178,252,240,80,122"
"142,635,5,174,252,238,79,119"
"141,636,5,175,251,241,80,120"
"148,635,4,175,268,239,80,118"
"146,639,2,179,251,240,75,117"
"145,631,7,175,251,242,80,120"
"142,634,40,173,251,241,79,120"
"147,633,9,174,253,239,80,117"
"144,622,5,176,252,240,81,118"
"144,648,6,173,250,240,91,120"
"146,630,6,172,249,240,78,118"
"145,628,6,172,244,242,79,117"
"139,624,5,171,250,238,78,118"
"142,622,4,167,250,240,78,118"
"139,625,5,171,251,241,77,122"
"142,630,5,176,252,239,78,114"
"141,620,4,161,249,240,77,120"
"142,623,2,178,249,241,76,120"
"142,618,5,169,251,239,77,118"
"142,626,13,169,250,238,77,114"
"142,620,6,169,248,242,80,118"
"140,620,4,170,260,239,68,117"
"141,629,6,166,250,239,77,118"
"139,619,4,168,248,239,77,117"
"141,618,5,169,248,238,84,112"
"138,616,4,167,242,239,75,117"
"140,615,8,169,248,238,76,116"
"138,615,6,167,259,239,77,119"
"142,613,5,165,248,238,79,117"
"139,614,4,166,251,238,74,115"
"139,635,2,165,248,239,87,117"
"138,615,2,168,248,240,95,123"
"138,615,6,170,247,238,74,117"
"144,617,5,164,246,238,75,117"
"139,610,5,164,248,239,75,118"
"136,610,5,164,244,238,75,115"
"139,611,11,165,245,239,74,117"
"136,608,3,163,247,238,73,120"
"137,606,6,162,247,240,77,117"
"140,607,5,163,243,239,74,119"
"139,607,7,163,246,237,75,115"
"138,606,6,162,247,240,70,116"
"144,600,3,161,244,261,73,114"
"155,602,6,167,246,243,74,118"
"135,605,4,162,245,242,73,115"
"138,602,5,172,245,239,77,118"
"135,598,6,162,246,240,73,116"
"137,602,4,162,244,238,75,116"
"136,600,5,161,248,243,72,115"
"137,601,4,163,244,241,72,115"
"135,597,2,160,244,238,76,104"
"136,597,4,187,246,238,73,116"
"136,598,6,159,245,238,72,116"
"134,596,5,158,236,238,72,116"
"135,592,5,160,245,237,73,117"
"136,595,5,159,254,240,72,121"
"138,594,0,159,242,233,73,118"
"135,591,5,167,247,238,72,116"
"140,595,4,185,244,237,73,117"
"141,590,6,161,244,239,71,116"
"133,588,5,159,243,240,72,121"
"135,592,8,156,243,240,71,114"
"139,591,5,163,243,235,73,115"
"140,590,7,157,245,237,76,116"
"141,586,4,166,244,237,71,111"
"135,587,7,157,243,237,72,115"
"136,588,4,157,246,237,71,116"
"136,587,8,156,242,236,70,119"
"134,586,5,156,250,236,69,117"
"135,585,3,153,242,237,71,116"
"135,580,14,154,243,235,72,116"
"134,584,4,155,246,237,71,114"
"133,578,5,153,239,234,71,115"
"132,580,6,162,242,238,69,115"
"136,574,4,153,253,243,71,114"
"134,573,7,153,242,245,71,115"
"124,577,3,154,241,237,69,116"
"132,595,6,153,242,237,69,110"
"132,577,5,157,241,236,72,115"
"133,579,5,155,242,224,69,114"
"133,576,5,153,255,232,71,115"
"132,575,6,153,240,237,70,115"
"133,576,5,153,241,235,69,116"
"130,573,4,151,242,236,74,115"
"133,574,5,157,240,237,70,115"
"131,570,5,151,241,236,69,116"
"132,571,1,176,242,237,68,114"
"135,570,5,152,240,235,69,114"
"146,569,6,154,240,236,67,114"
"132,568,5,153,240,237,68,114"
"122,564,4,150,243,235,69,113"
"131,566,8,151,241,233,68,114"
"130,568,18,149,243,235,70,115"
"130,563,7,149,241,235,68,112"
"128,566,5,152,243,235,67,115"
"131,559,5,150,237,236,68,114"
"129,583,5,153,242,237,68,118"
"128,565,5,149,240,236,68,114"
"130,563,5,150,239,238,67,114"
"131,562,5,150,241,236,68,117"
"129,562,6,150,240,234,83,115"
"129,562,4,151,240,235,68,114"
"127,561,5,153,240,234,67,114"
"129,560,5,149,233,236,67,113"
"129,555,5,149,254,235,67,113"
"128,558,4,149,243,235,67,116"
"126,558,5,149,239,237,71,125"
"128,555,6,147,239,232,67,125"
"130,560,4,160,239,235,66,118"
"129,556,5,149,239,233,67,113"
"128,579,5,148,238,253,67,113"
"127,558,4,148,239,236,65,116"
"129,555,6,148,232,235,66,115"
"123,554,5,160,239,235,65,111"
"128,554,5,147,240,230,65,112"
"127,549,4,148,239,235,91,113"
"127,554,5,147,237,235,63,113"
"127,552,3,147,241,235,66,127"
"127,552,4,147,233,235,67,113"
"127,548,6,146,237,232,68,111"
"122,550,2,147,240,234,68,112"
"129,547,6,145,238,235,66,113"
"128,547,1,146,238,237,66,112"
"125,536,5,146,245,234,66,111"
"127,554,5,146,250,232,65,113"
"127,544,5,145,236,235,66,111"
"128,554,5,151,239,238,76,113"
"127,546,5,144,238,235,65,110"
"127,543,5,145,239,236,66,130"
"129,550,5,144,237,236,65,112"
"131,544,4,144,238,234,66,111"
"122,545,6,143,238,234,69,109"
"130,545,11,145,238,236,65,115"
"125,549,6,146,238,234,63,112"
"128,534,5,152,238,233,63,111"
"127,538,4,144,245,231,53,129"
"125,543,5,144,237,237,65,115"
"129,543,3,142,250,234,64,117"
"127,540,6,146,237,234,64,111"
"126,541,0,146,256,234,64,112"
"138,542,6,143,248,234,62,112"
"128,541,19,139,253,234,83,112"
"125,539,1,144,237,234,64,112"
"124,538,6,169,240,238,63,112"
"124,541,7,144,239,229,73,125"
"124,532,4,144,238,235,64,111"
"120,538,6,145,238,234,64,111"
"125,539,5,144,247,235,65,111"
"125,533,5,144,240,233,66,111"
"125,536,5,144,237,233,70,112"
"126,536,6,143,237,234,61,111"
"128,538,5,146,236,233,66,111"
"126,535,5,142,236,232,64,114"
"124,533,5,143,234,236,66,112"
"125,551,5,142,236,233,63,99"
"122,534,5,141,239,233,60,111"
"127,523,12,143,236,235,64,110"
"124,531,4,145,236,234,62,109"
"124,534,3,153,237,234,63,110"
"125,532,5,143,237,234,63,109"
"117,531,5,141,237,232,63,113"
"123,532,5,143,236,233,64,110"
"123,528,5,145,236,235,65,110"
"124,533,5,142,236,235,63,111"
"124,554,6,137,236,235,64,110"
"124,529,1,143,249,234,63,110"
"122,550,7,146,237,234,64,111"
"124,531,5,142,236,233,59,110"
"122,530,5,144,236,235,63,112"
"124,529,4,142,236,256,63,112"
"124,527,5,148,235,236,63,115"
"123,528,5,144,236,232,63,107"
"120,528,7,142,236,237,61,110"
"123,531,6,150,236,233,62,111"
"134,552,7,141,236,234,61,111"
"124,532,6,142,238,234,63,133"
"138,529,5,142,238,233,60,120"
"123,528,8,142,238,232,59,138"
"124,529,4,142,235,233,62,107"
"124,527,3,141,234,234,61,111"
"123,539,5,141,235,233,62,145"
"120,528,2,142,239,234,65,110"
"121,524,5,146,237,232,62,106"
"122,528,2,143,241,234,64,112"
"127,528,7,143,235,235,58,110"
"125,528,4,142,243,236,62,111"
"132,523,7,142,234,233,61,110"
"122,524,4,141,235,233,62,109"
"122,523,6,143,235,235,63,112"
"121,523,3,143,234,235,61,111"
"122,526,5,138,236,233,61,111"
"122,524,5,150,236,229,51,110"
"127,528,5,142,236,230,63,110"
"120,527,9,151,235,233,61,109"
"122,524,8,142,236,235,75,112"
"123,526,7,142,235,232,88,116"
"122,530,5,142,236,233,60,110"
"121,523,4,141,240,233,61,125"
"121,523,5,141,238,251,62,113"
"121,525,5,142,251,234,69,109"
"124,526,6,142,235,235,62,111"
"120,523,6,142,235,234,60,110"
"125,525,4,140,235,233,62,110"
"122,524,4,141,236,232,61,110"
"120,522,10,144,238,233,60,110"
"118,522,5,140,236,228,61,109"
"121,522,5,141,236,225,60,109"
"127,523,0,141,235,235,60,104"
"118,521,6,141,235,233,62,109"
"121,519,6,142,256,228,62,110"
"121,520,5,139,235,233,61,109"
"120,519,5,139,235,228,61,114"
"120,520,6,140,234,236,60,114"
"120,520,7,140,237,232,61,109"
"122,519,4,140,235,233,62,110"
"123,535,5,139,235,237,61,110"
"125,519,5,139,235,232,66,109"
"123,519,2,138,236,244,60,105"
"122,517,3,141,234,235,59,111"
"118,520,5,151,235,232,60,111"
"124,518,4,144,235,250,60,111"
"123,517,5,137,235,234,57,114"
"119,512,5,139,234,233,54,108"
"105,446,5,120,225,225,53,102"
"102,446,4,119,221,222,52,109"
"102,443,19,118,225,224,66,93"
"102,465,4,119,225,226,52,99"
"94,442,5,116,226,221,51,99"
"99,439,5,112,224,223,50,97"
"95,437,4,116,225,221,52,96"
"98,437,4,116,223,222,50,97"
"96,437,5,117,224,223,49,98"
"88,436,4,117,223,222,51,97"
"90,432,5,117,224,224,71,96"
"98,433,4,118,216,222,48,99"
"96,434,12,120,226,223,51,98"
"91,433,3,123,224,223,46,98"
"91,435,20,125,226,224,48,104"
"92,434,5,145,223,222,46,96"
"88,440,4,200,223,230,49,104"
"89,448,8,256,245,225,50,124"
"93,475,0,308,249,223,55,158"
"93,533,5,366,259,235,55,204"
"113,601,8,417,277,243,53,234"
"92,651,4,464,287,249,57,275"
"95,693,4,503,298,257,63,313"
"97,723,4,540,312,262,64,352"
"99,753,3,562,327,268,63,388"
"101,779,37,585,335,277,65,419"
"104,798,16,604,341,279,68,446"
"119,812,4,617,357,288,72,474"
"112,827,3,621,369,288,70,491"
"115,842,12,641,379,295,75,516"
"120,853,6,651,389,300,77,534"
"125,863,4,660,411,306,78,551"
"134,874,4,666,404,314,93,568"
"136,882,5,671,417,318,85,581"
"142,885,5,677,426,326,88,588"
"146,894,6,681,439,330,85,601"
"157,895,4,684,460,336,87,611"
"162,906,4,685,456,342,87,615"
"171,907,10,681,451,346,93,619"
"177,912,4,692,460,352,95,628"
"175,917,8,694,466,356,97,632"
"191,917,3,695,470,371,117,636"
"202,924,4,689,474,382,102,643"
"207,931,4,702,487,369,105,643"
"215,930,3,711,483,373,106,643"
"221,931,12,699,488,377,114,647"
"231,933,5,699,491,376,112,650"
"239,932,5,700,496,385,113,649"
"248,939,11,703,500,385,118,652"
"255,942,3,701,497,388,123,653"
"262,940,5,701,502,389,117,654"
"271,942,4,701,524,392,123,658"
"277,944,5,702,506,395,123,654"
"281,939,4,703,513,396,125,655"
"291,947,5,702,510,396,131,656"
"297,956,19,703,510,397,130,657"
"304,944,4,700,511,401,132,657"
"312,950,5,710,514,401,135,655"
"312,947,5,703,514,403,137,656"
"325,949,5,703,514,405,137,656"
"325,949,5,704,515,413,139,654"
"332,954,3,704,513,406,158,653"
"335,961,4,704,520,407,160,654"
"341,955,0,704,514,407,151,654"
"346,956,5,694,512,406,147,653"
"353,956,4,704,513,407,149,654"
"355,955,4,704,514,408,151,653"
"355,953,3,703,516,409,157,653"
"381,955,5,706,534,408,154,642"
"363,952,4,699,513,410,155,648"
"372,977,4,705,512,411,155,642"
"375,957,3,707,520,411,153,650"
"378,957,3,707,511,410,159,649"
"394,955,5,710,514,419,160,649"
"381,960,7,710,515,411,160,648"
"389,958,4,708,511,412,175,649"
"393,960,5,710,509,410,163,648"
"391,965,4,710,503,412,166,649"
"396,960,5,708,507,410,166,647"
"395,962,5,710,507,410,171,647"
"402,958,5,709,510,427,170,648"
"406,962,4,727,505,410,171,648"
"408,961,4,710,500,411,171,647"
"409,958,4,711,504,411,181,647"
"412,954,3,709,504,410,174,667"
"414,959,4,710,503,410,171,647"
"414,964,4,710,503,409,176,650"
"414,982,5,711,502,410,176,645"
"418,959,4,712,502,426,178,645"
"420,958,5,713,501,433,178,644"
"422,960,32,713,498,409,184,645"
"421,960,1,717,500,411,182,652"
"423,961,4,715,503,415,182,646"
"425,958,5,719,499,410,184,645"
"426,967,5,714,499,408,198,644"
"431,982,0,714,498,408,185,644"
"429,960,4,721,498,413,186,644"
"443,959,4,716,509,406,187,643"
"437,960,4,718,497,408,187,644"
"433,962,7,715,500,406,197,645"
"433,963,1,716,495,405,188,639"
"436,965,5,718,498,404,190,654"
"438,966,5,718,495,405,189,642"
"440,960,5,712,496,404,189,629"
"439,962,25,715,495,402,192,642"
"439,962,4,718,496,404,193,644"
"438,961,3,719,494,405,194,640"
"442,958,4,719,495,409,194,637"
"443,958,5,724,494,401,196,658"
"446,961,4,721,494,402,194,640"
"445,957,6,720,495,401,196,640"
"444,961,3,719,493,402,196,640"
"445,961,0,720,492,400,200,640"
"447,960,4,720,491,400,199,640"
"446,960,7,719,492,398,198,643"
"446,961,5,722,490,398,200,640"
"451,960,4,720,491,397,200,641"
"449,961,5,717,490,398,201,639"
"450,963,4,720,492,397,203,639"
"459,962,5,748,492,394,201,641"
"452,962,3,716,490,412,202,638"
"455,962,8,722,490,395,203,638"
"454,958,4,721,490,396,202,646"
"455,959,5,722,490,406,204,666"
"455,955,4,722,489,395,204,646"
"455,962,5,722,501,395,208,639"
"458,955,4,719,489,392,205,640"
"459,957,5,724,488,394,206,641"
"459,971,5,743,488,394,205,637"
"460,962,3,722,488,393,208,641"
"457,960,3,720,489,392,208,637"
"459,960,5,723,489,393,208,637"
"460,961,8,724,488,392,203,632"
"459,961,2,718,489,393,211,637"
"464,960,2,720,489,395,211,639"
"462,964,6,719,487,392,210,639"
"461,962,4,725,486,390,212,639"
"464,960,6,722,487,389,211,636"
"464,965,5,725,488,417,209,639"
"465,956,4,723,487,394,211,634"
"464,956,41,723,486,389,212,639"
"465,960,1,723,488,389,212,650"
"466,959,4,721,487,387,213,639"
"467,963,4,724,487,391,217,638"
"466,961,10,724,487,378,209,635"
"466,956,5,722,487,386,213,637"
"466,959,4,722,486,386,215,644"
"469,957,5,719,487,387,212,636"
"470,963,4,722,485,385,215,641"
"470,963,7,724,485,386,215,637"
"469,959,6,725,487,387,216,636"
"468,964,4,723,486,387,214,637"
"472,956,3,723,484,387,217,634"
"470,958,5,724,486,388,217,637"
"473,959,4,722,485,392,217,636"
"471,952,4,722,485,388,218,639"
"471,962,17,719,501,382,218,635"
"472,959,5,725,487,382,218,636"
"479,951,22,721,485,384,218,636"
"479,956,4,719,483,384,218,639"
"494,956,6,722,488,383,220,637"
"474,961,2,723,481,383,220,637"
"468,955,4,721,488,384,220,635"
"473,961,4,725,487,383,219,635"
"482,957,2,722,493,382,220,638"
"474,960,4,723,485,384,221,634"
"477,959,3,723,485,380,217,634"
"476,958,4,725,487,383,221,633"
"474,959,4,722,486,384,212,637"
"473,953,5,718,484,382,221,635"
"475,957,0,723,484,372,221,635"
"477,958,5,721,485,385,221,636"
"473,954,17,723,485,381,222,636"
"481,956,4,719,482,382,222,635"
"478,959,3,724,485,380,223,635"
"475,959,5,723,475,385,223,632"
"479,959,3,724,486,393,225,634"
"500,955,5,720,483,383,225,633"
"480,958,5,720,485,381,224,631"
"479,957,26,724,497,383,223,633"
"480,956,7,721,482,382,225,633"
"482,956,4,727,484,388,224,634"
"481,956,7,721,486,380,225,633"
"480,955,2,723,483,381,224,632"
