"174,320,16,167,250,251,38,87,acetone"
"150,280,14,148,239,236,38,91,acetone"
"151,277,14,162,239,240,34,97,acetone"
"149,274,14,257,247,238,35,100,acetone"
"144,291,15,352,264,245,35,146,acetone"
"146,416,13,448,287,253,42,224,acetone"
"149,562,15,532,307,273,47,309,acetone"
"155,653,14,615,334,290,57,374,acetone"
"162,716,14,674,358,302,57,452,acetone"
"169,754,14,717,384,320,62,506,acetone"
"172,784,12,763,408,332,68,556,acetone"
"185,800,15,766,433,343,73,592,acetone"
"213,819,14,787,457,354,79,623,acetone"
"209,841,14,790,480,366,88,643,acetone"
"221,852,15,800,500,380,91,668,acetone"
"245,859,14,804,521,390,97,681,acetone"
"247,866,15,812,539,399,103,694,acetone"
"258,874,11,815,557,408,109,714,acetone"
"276,882,14,820,569,415,116,714,acetone"
"288,885,14,843,583,424,118,724,acetone"
"303,892,16,816,593,426,127,735,acetone"
"306,894,15,820,596,436,158,733,acetone"
"331,895,15,819,611,436,139,742,acetone"
"338,903,15,835,620,446,143,749,acetone"
"354,899,14,817,625,449,144,743,acetone"
"366,906,24,819,630,450,153,749,acetone"
"374,913,18,817,635,452,148,759,acetone"
"382,906,14,819,636,457,161,750,acetone"
"395,910,14,819,638,456,161,750,acetone"
"401,914,15,829,640,458,170,747,acetone"
"409,912,15,812,634,458,174,751,acetone"
"428,913,12,815,643,456,175,750,acetone"
"421,917,14,819,644,452,166,747,acetone"
"426,920,15,816,651,457,182,749,acetone"
"434,921,12,816,649,453,187,748,acetone"
"447,912,37,813,644,452,187,751,acetone"
"444,918,14,830,649,452,187,750,acetone"
"442,919,10,814,643,448,192,746,acetone"
"453,925,15,817,641,447,190,747,acetone"
"455,920,16,815,648,442,198,742,acetone"
"459,918,14,819,642,443,197,740,acetone"
"459,919,14,816,639,437,200,739,acetone"
"467,922,14,816,643,434,200,735,acetone"
"464,918,15,814,640,431,202,737,acetone"
"466,918,15,814,640,427,204,739,acetone"
"469,916,15,813,639,423,204,722,acetone"
"468,919,15,814,639,419,205,719,acetone"
"471,923,14,825,638,417,205,716,acetone"
"471,919,14,816,636,414,207,712,acetone"
"472,936,16,815,638,411,207,708,acetone"
"471,924,13,817,636,408,209,702,acetone"
"472,930,7,819,635,405,210,696,acetone"
"474,920,15,816,635,404,208,692,acetone"
"473,918,15,815,635,399,209,685,acetone"
"471,920,13,818,633,398,212,679,acetone"
"473,920,12,816,633,396,210,674,acetone"
"472,916,16,814,631,395,213,670,acetone"
"474,920,15,814,630,397,213,664,acetone"
"475,912,16,812,631,391,212,662,acetone"
"479,921,35,814,630,389,215,657,acetone"
"476,918,15,822,628,389,213,650,acetone"
"477,915,31,814,628,385,215,678,acetone"
"476,920,10,811,628,385,216,642,acetone"
"477,922,12,814,628,387,223,638,acetone"
"478,920,14,811,627,383,211,636,acetone"
"474,921,12,813,627,390,216,626,acetone"
"477,917,13,812,632,378,216,654,acetone"
"479,917,14,811,627,381,219,626,acetone"
"481,916,14,814,626,381,217,622,acetone"
"477,912,17,811,625,382,218,624,acetone"
"480,916,12,808,625,381,219,615,acetone"
"481,917,14,808,617,380,222,617,acetone"
"481,920,14,807,623,377,219,624,acetone"
"479,917,14,811,621,380,219,612,acetone"
"482,918,14,810,624,379,220,614,acetone"
"479,914,15,808,622,380,221,643,acetone"
"479,911,10,806,622,380,220,613,acetone"
"480,913,14,805,621,382,223,611,acetone"
"479,914,14,805,619,379,220,612,acetone"
"482,918,15,800,621,380,224,615,acetone"
"482,912,14,806,619,374,224,612,acetone"
"481,916,14,807,628,380,225,615,acetone"
"483,910,13,807,620,380,219,613,acetone"
"479,912,14,816,616,377,228,615,acetone"
"483,910,14,802,618,378,226,616,acetone"
"487,906,15,800,614,382,225,618,acetone"
"485,912,16,800,616,381,226,615,acetone"
"481,913,16,803,618,381,225,614,acetone"
"480,911,56,802,616,385,230,618,acetone"
"485,905,14,798,617,382,229,617,acetone"
"486,913,15,799,614,386,232,621,acetone"
"500,911,13,800,629,390,231,616,acetone"
"486,912,14,798,613,384,216,624,acetone"
"488,909,14,800,615,385,232,624,acetone"
"490,917,16,798,615,383,232,622,acetone"
"488,897,14,793,613,383,232,630,acetone"
"490,915,14,797,624,385,236,627,acetone"
"490,909,13,786,614,386,233,627,acetone"
"490,911,15,798,606,387,234,632,acetone"
"493,908,14,797,611,389,224,629,acetone"
"492,907,16,792,610,387,238,636,acetone"
"489,910,14,794,611,388,241,634,acetone"
"493,907,9,797,613,391,236,659,acetone"
"489,904,15,794,613,390,238,639,acetone"
"491,904,14,791,610,393,238,643,acetone"
"494,911,13,791,611,390,238,640,acetone"
"497,904,15,793,608,392,236,641,acetone"
"497,905,14,794,610,391,238,643,acetone"
"498,896,14,790,608,394,240,648,acetone"
"498,905,15,791,609,393,243,648,acetone"
"489,905,15,793,607,392,242,646,acetone"
"497,901,14,780,608,394,243,651,acetone"
"497,901,15,790,606,395,242,652,acetone"
"498,904,16,810,608,396,243,650,acetone"
"499,900,14,789,606,397,250,655,acetone"
"500,901,13,786,604,399,246,652,acetone"
"504,901,16,786,602,397,242,657,acetone"
"505,896,15,788,602,400,245,657,acetone"
"503,898,13,787,604,399,245,657,acetone"
"505,897,15,785,605,398,247,662,acetone"
"503,902,13,795,604,402,249,661,acetone"
"507,901,13,787,603,403,263,661,acetone"
"502,896,14,783,608,403,255,665,acetone"
"506,901,14,784,602,401,245,664,acetone"
"505,897,4,785,604,403,252,666,acetone"
"506,893,13,782,598,427,253,669,acetone"
"505,900,15,772,603,406,252,677,acetone"
"507,897,12,781,600,406,244,667,acetone"
"511,896,14,785,603,419,253,671,acetone"
"511,899,15,781,600,408,249,670,acetone"
"507,901,16,781,600,407,266,698,acetone"
"529,896,20,794,600,410,256,673,acetone"
"511,898,14,779,597,408,257,678,acetone"
"510,917,14,780,599,412,261,674,acetone"
"513,892,14,780,597,413,256,676,acetone"
"510,894,15,781,592,412,258,675,acetone"
"515,896,20,781,598,430,260,676,acetone"
"516,897,14,779,597,414,258,676,acetone"
"514,894,14,780,598,415,259,683,acetone"
"510,907,14,777,597,415,262,680,acetone"
"516,893,13,778,596,417,264,678,acetone"
"518,891,13,778,593,414,259,680,acetone"
"515,895,15,776,597,418,261,681,acetone"
"517,893,15,779,598,418,262,682,acetone"
"513,898,15,776,593,419,263,683,acetone"
"519,893,13,777,597,421,266,681,acetone"
"519,893,13,779,603,422,272,685,acetone"
"514,893,15,776,594,422,268,683,acetone"
"519,881,14,778,595,423,265,682,acetone"
"518,891,14,775,604,425,269,683,acetone"
"518,892,14,774,608,423,273,702,acetone"
"519,893,15,777,592,425,266,688,acetone"
"522,892,14,782,603,424,269,693,acetone"
"520,890,14,775,593,427,259,683,acetone"
"523,886,11,773,589,422,261,686,acetone"
"522,891,14,773,592,425,267,695,acetone"
"524,889,17,772,593,428,270,700,acetone"
"525,893,15,775,590,429,270,686,acetone"
"523,891,15,771,591,431,270,687,acetone"
"527,889,15,774,592,441,275,689,acetone"
"527,889,18,771,593,441,269,683,acetone"
"526,888,14,769,590,433,271,689,acetone"
"524,894,14,769,589,431,270,684,acetone"
"528,888,5,771,590,455,271,688,acetone"
"526,886,14,773,591,428,270,688,acetone"
"527,886,14,773,590,435,269,686,acetone"
"525,888,19,785,592,433,274,689,acetone"
"528,889,16,775,588,437,275,693,acetone"
"530,890,14,773,588,431,275,687,acetone"
"530,891,15,766,588,437,277,690,acetone"
"529,884,14,778,586,437,275,689,acetone"
"531,883,15,768,589,437,276,690,acetone"
"520,887,14,770,587,439,275,691,acetone"
"531,879,12,768,588,438,276,690,acetone"
"529,886,14,769,590,439,279,689,acetone"
"530,888,13,768,589,439,280,686,acetone"
"545,884,15,765,589,440,278,689,acetone"
"533,885,15,766,597,441,279,692,acetone"
"535,886,15,770,586,441,275,690,acetone"
"532,883,15,768,587,444,281,690,acetone"
"535,906,15,767,576,444,279,690,acetone"
"534,885,14,773,585,444,281,689,acetone"
"534,887,14,770,586,445,280,690,acetone"
"536,883,14,768,583,444,282,696,acetone"
"532,887,14,767,587,448,268,690,acetone"
"535,878,15,765,586,444,290,709,acetone"
"537,884,14,769,587,446,271,689,acetone"
"537,881,14,767,580,446,297,690,acetone"
"536,901,16,765,582,450,285,690,acetone"
"538,882,13,766,582,448,283,693,acetone"
"534,881,14,768,588,447,282,689,acetone"
"539,884,15,765,583,448,286,691,acetone"
"537,883,14,765,582,453,283,693,acetone"
"539,884,14,767,587,450,286,689,acetone"
"538,881,15,765,583,452,285,692,acetone"
"538,882,18,776,583,452,287,690,acetone"
"538,878,14,766,584,451,288,692,acetone"
"540,881,15,767,576,451,284,683,acetone"
"541,876,14,767,583,452,288,692,acetone"
"542,878,14,765,585,452,286,691,acetone"
"542,882,15,765,583,454,285,690,acetone"
"542,879,13,763,579,450,288,690,acetone"
"539,881,14,770,585,462,287,690,acetone"
"540,879,14,766,581,455,284,694,acetone"
"540,877,15,766,582,452,289,691,acetone"
"544,882,20,782,583,459,290,692,acetone"
"547,875,14,765,583,475,290,694,acetone"
"544,880,13,765,589,455,289,690,acetone"
"543,879,19,763,582,456,288,692,acetone"
"541,880,14,765,583,456,291,690,acetone"
"546,877,14,764,580,460,297,688,acetone"
"542,876,15,767,583,456,287,691,acetone"
"543,879,3,763,581,456,289,689,acetone"
"543,876,13,762,582,457,293,689,acetone"
"543,877,15,766,577,456,295,689,acetone"
"546,876,16,761,577,460,292,684,acetone"
"546,873,14,762,583,458,292,689,acetone"
"546,878,15,781,581,459,295,690,acetone"
"543,875,14,768,581,459,293,689,acetone"
"545,877,16,763,579,459,294,690,acetone"
"545,878,13,763,581,457,294,690,acetone"
"546,890,14,764,580,461,294,688,acetone"
"547,877,18,762,580,459,295,703,acetone"
"547,877,14,761,578,459,295,690,acetone"
"549,900,15,762,582,455,295,690,acetone"
"545,881,16,759,581,461,294,689,acetone"
"546,873,15,762,580,457,288,687,acetone"
"546,878,14,763,574,460,293,689,acetone"
"549,875,13,762,583,462,296,689,acetone"
"543,881,14,765,577,461,294,689,acetone"
"549,876,10,762,581,461,293,688,acetone"
"547,873,14,760,591,462,291,691,acetone"
"549,875,6,762,579,463,297,687,acetone"
"549,878,33,762,578,463,298,689,acetone"
"549,873,26,775,581,463,298,685,acetone"
"549,882,13,766,578,462,303,688,acetone"
"552,871,15,762,578,464,296,690,acetone"
"550,874,15,761,579,461,297,687,acetone"
"549,876,15,766,573,464,296,686,acetone"
"550,873,15,761,578,463,299,689,acetone"
"556,874,15,765,579,468,298,680,acetone"
"550,880,16,762,579,460,298,699,acetone"
"552,872,14,761,578,465,299,688,acetone"
"550,872,14,758,577,465,298,691,acetone"
"553,875,14,760,575,455,299,687,acetone"
"551,874,15,758,579,464,299,691,acetone"
"554,882,15,762,595,466,302,685,acetone"
"549,876,16,759,576,466,298,684,acetone"
"552,872,15,761,580,465,298,688,acetone"
"550,872,13,762,574,468,305,686,acetone"
"554,874,15,761,577,466,303,688,acetone"
"553,875,14,762,595,469,301,720,acetone"
"553,873,18,761,577,466,299,687,acetone"
"552,876,14,759,576,472,303,690,acetone"
"548,873,22,764,577,465,301,698,acetone"
"553,859,14,759,578,467,301,684,acetone"
"562,872,14,759,576,463,300,684,acetone"
"550,869,16,758,582,469,297,689,acetone"
"554,871,13,759,568,468,303,686,acetone"
"552,873,13,760,577,454,301,685,acetone"
"554,869,15,760,574,467,301,684,acetone"
"555,870,14,760,571,470,307,685,acetone"
"551,872,14,762,573,468,305,683,acetone"
"552,870,15,754,575,464,303,687,acetone"
"552,871,13,758,597,469,303,687,acetone"
"552,870,16,759,577,469,306,685,acetone"
"554,871,13,785,574,469,329,686,acetone"
"555,871,14,765,576,468,304,680,acetone"
"554,871,14,759,576,468,333,688,acetone"
"550,882,15,761,576,469,303,685,acetone"
"553,872,13,759,575,468,289,686,acetone"
"553,866,16,758,574,470,303,682,acetone"
"551,873,14,760,579,466,308,686,acetone"
"555,870,13,759,575,477,311,681,acetone"
"558,871,17,751,574,470,304,683,acetone"
"553,859,14,765,578,470,311,684,acetone"
"555,873,13,761,575,470,305,683,acetone"
"556,874,11,757,575,468,306,684,acetone"
"555,864,13,758,573,476,305,689,acetone"
"556,870,10,758,576,470,307,682,acetone"
"558,866,13,758,576,471,303,693,acetone"
"559,868,14,765,575,470,305,684,acetone"
"558,870,14,758,573,470,290,685,acetone"
"556,868,13,756,589,466,302,681,acetone"
"554,870,14,762,584,472,305,679,acetone"
"557,870,13,756,575,471,306,684,acetone"
"560,866,16,756,575,472,307,688,acetone"
"556,868,10,759,575,475,307,684,acetone"
"555,867,9,760,578,471,303,682,acetone"
"557,867,14,750,575,491,306,684,acetone"
"551,867,16,755,574,472,311,685,acetone"
"558,865,11,748,575,473,306,682,acetone"
"557,871,14,757,589,471,306,684,acetone"
"555,869,23,756,573,472,310,680,acetone"
"559,869,12,756,574,472,309,692,acetone"
"557,868,15,755,574,474,308,683,acetone"
"554,868,14,760,577,472,308,683,acetone"
"559,864,15,757,575,471,310,683,acetone"
"558,866,13,756,572,473,307,684,acetone"
"558,867,15,757,575,471,306,683,acetone"
"555,863,14,755,593,475,308,682,acetone"
"557,871,14,755,574,472,304,683,acetone"
"556,866,17,757,570,472,308,683,acetone"
"555,863,17,752,574,473,309,685,acetone"
"558,866,16,755,588,491,310,683,acetone"
"560,874,13,757,575,474,309,682,acetone"
"561,868,14,758,573,470,308,681,acetone"
"562,868,15,757,586,474,304,691,acetone"
"559,865,15,759,573,475,310,683,acetone"
"552,866,23,762,574,475,306,682,acetone"
"557,866,15,758,573,477,308,685,acetone"
"561,867,26,755,573,473,312,686,acetone"
"559,861,14,756,573,473,309,683,acetone"
"560,863,15,756,573,479,316,684,acetone"
"557,865,23,758,587,474,308,681,acetone"
"558,870,15,759,574,473,309,685,acetone"
"561,886,14,760,573,475,310,682,acetone"
"562,865,15,759,576,470,310,684,acetone"
"566,867,14,758,575,477,311,680,acetone"
"559,866,14,758,573,476,301,682,acetone"
"561,863,14,759,571,477,310,680,acetone"
"562,863,14,757,572,474,306,683,acetone"
"563,866,14,755,572,478,311,683,acetone"
"562,869,14,757,574,476,311,684,acetone"
"565,865,14,756,572,479,310,681,acetone"
"563,863,14,757,576,476,312,681,acetone"
"563,865,14,757,575,475,310,683,acetone"
"562,866,14,757,573,476,310,686,acetone"
"567,866,6,760,568,477,311,686,acetone"
"563,865,16,758,577,476,310,687,acetone"
"563,860,14,758,573,478,313,681,acetone"
"562,862,13,781,573,476,310,680,acetone"
"562,861,15,755,574,476,311,681,acetone"
"564,864,14,758,574,477,311,682,acetone"
"562,862,15,756,574,477,313,683,acetone"
"561,862,15,757,573,481,313,680,acetone"
"563,862,14,758,583,483,315,680,acetone"
"560,864,14,755,573,476,311,703,acetone"
"561,864,14,757,572,476,311,684,acetone"
"574,865,15,757,575,475,311,681,acetone"
"567,864,14,756,569,477,311,681,acetone"
"571,861,19,755,570,481,314,680,acetone"
"571,870,14,756,573,471,313,678,acetone"
"564,864,14,756,579,480,312,682,acetone"
"562,861,13,757,571,476,312,680,acetone"
"565,863,32,757,570,476,311,679,acetone"
"563,864,12,755,570,476,312,678,acetone"
"561,862,15,755,569,475,314,676,acetone"
"562,863,15,754,565,477,312,680,acetone"
"560,859,14,756,583,478,323,679,acetone"
"563,863,14,755,571,476,312,677,acetone"
"563,861,13,757,571,476,313,709,acetone"
"565,865,28,758,572,472,315,678,acetone"
"561,864,15,753,572,475,314,680,acetone"
"564,860,14,755,569,476,316,679,acetone"
"561,868,14,753,572,476,322,682,acetone"
"563,858,9,755,572,477,316,678,acetone"
"566,862,14,759,571,483,330,675,acetone"
"564,859,14,756,571,477,313,680,acetone"
"562,861,15,755,572,477,331,678,acetone"
"565,862,15,754,571,477,312,679,acetone"
"563,865,15,755,571,474,313,676,acetone"
"565,860,14,754,571,478,314,681,acetone"
"561,860,40,771,572,476,312,678,acetone"
"564,863,14,752,583,479,311,686,acetone"
"564,856,14,751,569,479,314,676,acetone"
"563,858,14,756,573,477,314,681,acetone"
"567,862,13,756,572,479,313,678,acetone"
"565,861,12,756,571,477,314,679,acetone"
"567,862,14,754,571,476,313,668,acetone"
"568,861,52,751,572,482,314,681,acetone"
"564,859,13,752,570,477,314,679,acetone"
"565,860,14,756,571,478,319,679,acetone"
"565,859,14,767,573,480,314,682,acetone"
"561,864,14,755,570,480,312,678,acetone"
"566,860,13,754,570,480,317,678,acetone"
"565,868,10,756,569,478,313,675,acetone"
"567,859,15,753,571,478,313,674,acetone"
"565,862,15,742,574,475,313,678,acetone"
"569,859,14,753,570,477,314,679,acetone"
"564,860,14,752,571,478,314,678,acetone"
"564,859,15,753,571,479,313,679,acetone"
"564,860,14,752,571,479,316,677,acetone"
"566,866,14,753,571,480,325,681,acetone"
"566,861,14,753,570,479,316,679,acetone"
"566,855,15,756,571,504,314,677,acetone"
"566,860,11,757,568,482,314,675,acetone"
"568,861,14,755,571,500,336,678,acetone"
"567,860,55,753,570,477,317,676,acetone"
"567,888,13,754,570,477,315,679,acetone"
"567,854,16,766,567,478,314,678,acetone"
"565,859,23,755,571,477,317,667,acetone"
"565,857,13,754,568,478,314,692,acetone"
"566,859,11,753,571,479,311,676,acetone"
"567,862,13,754,585,479,303,675,acetone"
"565,858,15,753,573,479,325,674,acetone"
"567,855,8,753,567,478,313,690,acetone"
"566,860,13,758,570,488,310,683,acetone"
"567,858,13,752,570,479,318,677,acetone"
"569,860,13,755,569,479,315,673,acetone"
"571,859,14,745,572,478,314,681,acetone"
"567,860,14,770,574,480,316,674,acetone"
"569,859,15,747,571,479,317,678,acetone"
"565,857,14,753,579,478,314,676,acetone"
"566,856,13,753,571,480,313,672,acetone"
"572,864,15,754,560,501,317,668,acetone"
"567,856,5,755,570,480,312,677,acetone"
"565,859,14,757,567,485,315,678,acetone"
"568,859,13,752,570,488,314,679,acetone"
"569,859,19,744,569,480,315,681,acetone"
"569,861,12,753,570,481,317,677,acetone"
"567,859,15,755,569,496,315,677,acetone"
"576,859,14,754,571,480,316,679,acetone"
"580,856,14,753,570,480,319,679,acetone"
"572,861,12,754,569,481,321,677,acetone"
"568,858,14,753,572,479,316,676,acetone"
"593,853,14,744,570,480,316,677,acetone"
"566,861,14,755,569,481,313,671,acetone"
"566,859,15,753,571,479,315,676,acetone"
"566,858,14,756,571,479,298,675,acetone"
"559,856,17,753,569,479,310,677,acetone"
"571,857,13,764,570,480,315,677,acetone"
"566,859,24,758,568,479,314,674,acetone"
"570,858,16,751,568,477,314,681,acetone"
"569,859,14,755,568,477,314,677,acetone"
"570,860,15,761,571,479,316,676,acetone"
"570,856,12,753,569,480,315,678,acetone"
"570,856,14,762,570,488,315,679,acetone"
"572,851,15,752,585,480,317,676,acetone"
"569,856,12,754,571,478,316,675,acetone"
"568,859,14,756,569,480,317,676,acetone"
"564,856,11,752,572,483,315,676,acetone"
"571,856,14,753,571,482,314,678,acetone"
"568,862,13,753,570,479,315,679,acetone"
"569,859,14,753,570,480,315,677,acetone"
"568,855,16,754,572,476,313,676,acetone"
"570,861,14,754,570,479,315,676,acetone"
"570,859,14,753,569,478,316,669,acetone"
"566,853,14,754,569,481,317,684,acetone"
"571,857,13,754,570,479,323,674,acetone"
"569,857,12,760,574,482,317,677,acetone"
"563,854,13,754,569,482,318,677,acetone"
"568,847,14,754,570,481,315,685,acetone"
"572,855,13,752,571,480,317,674,acetone"
"573,855,12,755,569,479,315,678,acetone"
"571,859,13,756,571,485,316,673,acetone"
"568,856,15,755,568,481,317,676,acetone"
"571,856,15,755,570,484,314,675,acetone"
"576,856,12,754,569,481,326,673,acetone"
"573,858,14,754,569,479,317,675,acetone"
"572,856,14,753,569,484,335,678,acetone"
"573,854,15,754,564,482,316,675,acetone"
"573,859,6,751,569,479,316,676,acetone"
"574,856,17,751,570,484,315,677,acetone"
"572,855,14,752,568,479,317,675,acetone"
"570,856,13,753,559,491,317,675,acetone"
"561,856,12,754,572,479,317,677,acetone"
"572,856,13,753,572,481,317,676,acetone"
"570,858,14,755,575,481,313,672,acetone"
"569,856,15,754,572,486,317,666,acetone"
"572,855,11,751,570,487,317,676,acetone"
"570,856,14,754,571,486,318,676,acetone"
"570,856,15,755,569,481,316,676,acetone"
"570,853,13,754,574,481,318,675,acetone"
"571,856,12,753,572,481,316,675,acetone"
"570,854,11,770,567,479,317,678,acetone"
"568,854,11,750,570,480,316,679,acetone"
"571,858,6,755,569,483,317,675,acetone"
"571,857,14,755,570,478,314,668,acetone"
"571,857,15,763,570,482,316,675,acetone"
"570,855,13,752,569,480,316,676,acetone"
"572,857,15,753,568,478,315,674,acetone"
"585,856,14,749,569,481,316,687,acetone"
"572,853,15,752,567,480,317,673,acetone"
"572,877,14,753,570,481,315,674,acetone"
"573,859,13,755,567,479,326,673,acetone"
"583,858,14,755,580,480,317,678,acetone"
"570,854,13,752,569,488,317,674,acetone"
"572,856,13,756,569,480,317,675,acetone"
"572,857,14,755,569,477,318,695,acetone"
"572,860,12,756,565,476,317,679,acetone"
"571,853,14,755,564,481,318,676,acetone"
"573,855,14,756,568,500,316,673,acetone"
"564,854,17,754,562,481,315,675,acetone"
"573,856,13,753,571,476,319,675,acetone"
"572,851,15,753,566,483,316,671,acetone"
"572,855,14,751,572,481,316,678,acetone"
"573,853,14,754,574,481,318,677,acetone"
"575,855,15,753,565,477,313,702,acetone"
"573,856,25,751,569,481,312,674,acetone"
"571,857,16,754,571,481,319,671,acetone"
"573,854,12,754,570,481,317,674,acetone"
"572,856,11,752,571,481,317,674,acetone"
"571,854,13,753,570,487,317,674,acetone"
"569,851,13,753,569,480,315,672,acetone"
"574,855,14,743,573,483,317,673,acetone"
"571,854,15,754,569,481,317,676,acetone"
"570,852,22,753,571,480,314,672,acetone"
"571,855,14,752,571,483,316,680,acetone"
"572,852,13,755,582,481,316,672,acetone"
"572,853,15,753,585,481,311,673,acetone"
"581,856,15,752,570,482,316,673,acetone"
"572,856,14,753,568,480,316,672,acetone"
"571,853,21,753,570,483,315,676,acetone"
"575,867,10,756,570,479,315,672,acetone"
"573,855,15,754,569,482,315,671,acetone"
"573,855,16,756,568,485,316,672,acetone"
"573,853,16,754,570,483,317,672,acetone"
"573,855,15,754,569,478,317,674,acetone"
"576,855,8,752,569,480,335,673,acetone"
"570,854,13,754,569,480,313,671,acetone"
"570,856,14,762,567,481,317,698,acetone"
"570,853,13,756,576,479,316,672,acetone"
"571,863,24,752,562,480,314,672,acetone"
"571,850,15,752,568,480,318,673,acetone"
"572,852,14,756,587,479,320,674,acetone"
"571,854,14,753,569,479,330,672,acetone"
"570,853,13,751,568,480,315,674,acetone"
"569,851,13,755,569,489,315,676,acetone"
"574,854,11,753,571,480,330,676,acetone"
"573,858,14,754,563,484,314,671,acetone"
"574,856,15,752,568,481,315,672,acetone"
"570,855,14,749,568,481,316,673,acetone"
"574,860,13,754,568,484,316,671,acetone"
"575,878,14,753,568,478,317,677,acetone"
"572,853,14,753,568,480,317,687,acetone"
"571,853,12,755,567,483,317,670,acetone"
"572,864,14,752,570,480,322,673,acetone"
"576,849,14,753,567,481,316,675,acetone"
"570,852,13,751,569,479,311,674,acetone"
"575,853,14,753,568,479,317,675,acetone"
"577,844,14,750,569,484,316,662,acetone"
"573,851,14,752,567,482,316,674,acetone"
"574,852,14,754,569,481,322,674,acetone"
"573,850,16,749,581,479,317,673,acetone"
"575,852,14,750,573,479,316,675,acetone"
"575,852,17,751,563,480,319,674,acetone"
"574,853,8,753,579,481,315,695,acetone"
"582,850,14,753,569,479,340,673,acetone"
"574,851,14,753,569,479,317,679,acetone"
"572,853,13,754,569,501,317,670,acetone"
"573,851,9,753,568,476,346,674,acetone"
"572,852,13,753,583,480,317,675,acetone"
"571,854,15,752,559,479,316,672,acetone"
"573,852,14,754,569,479,318,674,acetone"
"573,854,14,751,565,478,315,677,acetone"
"574,853,13,753,568,479,319,675,acetone"
"570,852,13,753,570,483,318,678,acetone"
"576,854,19,752,571,480,317,681,acetone"
"571,854,14,752,578,478,318,673,acetone"
"573,852,15,755,570,501,315,672,acetone"
"572,861,14,751,569,482,317,670,acetone"
"575,851,10,755,568,481,317,670,acetone"
"574,852,13,754,568,480,317,672,acetone"
"566,851,15,756,568,480,317,674,acetone"
"568,852,12,762,564,483,316,705,acetone"
"569,851,21,750,564,481,325,672,acetone"
"576,852,18,743,568,476,316,673,acetone"
"575,847,23,754,568,481,316,673,acetone"
"577,848,23,752,569,477,318,673,acetone"
"574,851,14,751,567,478,315,677,acetone"
"588,852,14,751,572,481,317,673,acetone"
"574,859,14,752,569,479,315,671,acetone"
"571,856,14,752,560,484,319,671,acetone"
"575,853,13,752,567,480,344,670,acetone"
"573,855,19,749,568,478,316,670,acetone"
"574,853,14,752,568,479,316,670,acetone"
"569,861,12,753,565,478,331,671,acetone"
"574,851,14,752,571,481,321,671,acetone"
"573,869,14,753,573,480,321,671,acetone"
"573,852,13,755,567,478,318,670,acetone"
"574,850,15,754,568,480,317,670,acetone"
"571,855,13,755,570,480,317,675,acetone"
"572,850,17,754,571,480,343,673,acetone"
"573,848,8,751,568,478,317,670,acetone"
"572,852,18,753,569,481,320,674,acetone"
"572,869,15,754,570,479,315,670,acetone"
"571,854,13,755,569,483,319,670,acetone"
"567,856,14,755,570,480,319,669,acetone"
"573,849,14,756,571,482,316,667,acetone"
"573,848,21,754,571,482,316,669,acetone"
"573,851,17,750,567,483,316,669,acetone"
"571,851,13,753,581,477,318,670,acetone"
"570,852,13,751,570,481,321,669,acetone"
"571,865,13,753,569,479,328,674,acetone"
"573,851,12,753,564,482,316,670,acetone"
"576,851,14,754,568,482,317,670,acetone"
"573,846,5,752,575,481,318,673,acetone"
"575,851,13,752,569,480,316,670,acetone"
"572,854,13,752,570,481,317,670,acetone"
"572,848,16,753,571,502,319,671,acetone"
"573,855,13,749,573,480,319,669,acetone"
"573,854,13,741,567,478,319,668,acetone"
"575,850,17,753,563,471,314,670,acetone"
"571,852,16,750,570,480,320,670,acetone"
"574,850,12,751,568,479,316,671,acetone"
"574,850,16,751,568,480,327,670,acetone"
"570,849,5,754,568,485,316,672,acetone"
"570,851,14,753,568,480,315,672,acetone"
"573,847,15,752,570,477,317,671,acetone"
"573,846,16,752,570,482,308,673,acetone"
"568,854,13,753,569,482,313,671,acetone"
"568,853,5,751,568,479,318,670,acetone"
"572,852,14,758,569,480,316,683,acetone"
"571,850,11,752,569,483,317,672,acetone"
"571,851,13,755,568,481,317,672,acetone"
"570,851,13,750,569,480,315,671,acetone"
"572,851,13,750,570,480,317,671,acetone"
"573,849,13,750,581,481,342,674,acetone"
"572,860,15,751,568,476,313,670,acetone"
"573,861,15,750,568,479,312,670,acetone"
"574,854,14,752,568,485,306,675,acetone"
"566,851,14,752,558,480,308,670,acetone"
"571,861,15,752,569,478,317,671,acetone"
"571,860,14,750,569,483,316,669,acetone"
"572,853,15,753,567,480,320,672,acetone"
"573,873,15,752,563,479,315,670,acetone"
"574,849,13,754,570,481,317,670,acetone"
"574,853,12,754,570,478,317,670,acetone"
"583,853,13,752,568,480,317,671,acetone"
"575,852,12,753,572,499,335,667,acetone"
"574,852,14,764,570,478,316,671,acetone"
"574,852,13,765,567,481,317,672,acetone"
"573,852,14,753,568,480,317,681,acetone"
"574,853,14,758,566,474,317,674,acetone"
"573,852,14,756,570,483,316,667,acetone"
"570,853,15,764,568,480,317,670,acetone"
"576,856,12,752,569,482,317,671,acetone"
"571,852,13,749,569,478,317,670,acetone"
"575,853,14,747,569,476,315,670,acetone"
"573,852,13,752,568,479,334,671,acetone"
"574,852,16,752,569,479,317,674,acetone"
"577,852,14,750,569,477,318,669,acetone"
"573,851,14,746,569,479,317,672,acetone"
"572,854,14,752,569,482,319,669,acetone"
"571,854,14,754,570,479,317,670,acetone"
"575,850,16,748,570,471,317,669,acetone"
"573,852,12,750,567,480,315,668,acetone"
"573,851,13,752,557,479,315,668,acetone"
"574,846,14,754,578,480,317,674,acetone"
"572,851,14,754,565,475,314,669,acetone"
"576,854,14,752,581,481,315,670,acetone"
"565,870,14,754,569,478,317,668,acetone"
"574,852,13,753,569,478,318,668,acetone"
"569,852,51,766,569,479,317,668,acetone"
"568,849,10,753,567,476,317,668,acetone"
"573,850,13,751,568,479,316,668,acetone"
"572,850,13,754,569,479,318,670,acetone"
"575,850,14,753,570,477,316,670,acetone"
"572,848,13,752,571,475,318,664,acetone"
"571,850,16,770,569,474,317,668,acetone"
"573,850,13,753,570,478,317,671,acetone"
"570,850,12,753,566,480,315,668,acetone"
"572,854,14,755,572,479,317,670,acetone"
"572,850,18,754,570,474,312,665,acetone"
"574,848,14,751,573,479,318,670,acetone"
"571,850,14,750,569,478,317,669,acetone"
"573,845,13,751,571,476,319,668,acetone"
"571,848,17,751,569,485,317,667,acetone"
"570,847,14,753,561,480,318,670,acetone"
"574,849,14,756,568,479,312,671,acetone"
"572,848,14,749,567,499,317,668,acetone"
"574,836,13,749,579,478,315,670,acetone"
"578,845,14,751,571,476,321,670,acetone"
"562,851,13,753,568,479,315,669,acetone"
"571,849,11,755,567,479,320,670,acetone"
"568,849,14,753,568,474,315,669,acetone"
"574,851,14,752,568,478,316,667,acetone"
"572,849,14,753,568,478,320,668,acetone"
"572,848,15,753,567,503,312,664,acetone"
"575,849,14,753,569,480,313,666,acetone"
"573,849,13,753,569,479,314,668,acetone"
"572,851,14,762,568,480,317,669,acetone"
"571,848,12,750,571,478,316,668,acetone"
"575,847,13,752,569,477,312,663,acetone"
"588,851,14,757,567,480,302,669,acetone"
"573,844,13,754,567,480,330,668,acetone"
"571,848,13,752,569,478,316,668,acetone"
"579,846,13,752,574,479,318,668,acetone"
"573,849,13,753,572,479,317,668,acetone"
"573,844,11,761,568,479,317,668,acetone"
"574,847,14,752,567,479,316,669,acetone"
"572,849,11,750,569,479,317,669,acetone"
"574,850,13,751,562,479,318,670,acetone"
"572,846,14,745,567,478,318,667,acetone"
"568,851,13,753,564,482,317,669,acetone"
"583,851,15,752,567,479,319,668,acetone"
"573,846,14,750,573,479,313,669,acetone"
"573,853,14,757,568,478,316,669,acetone"
"573,849,15,753,567,477,316,663,acetone"
"575,849,14,751,569,478,317,666,acetone"
"573,848,15,750,569,475,319,669,acetone"
"572,849,13,754,581,497,317,668,acetone"
"569,854,14,753,570,479,317,665,acetone"
"574,845,24,754,568,478,316,667,acetone"
"573,850,14,755,570,474,316,668,acetone"
"582,848,13,753,570,481,330,667,acetone"
"572,857,10,755,570,477,317,667,acetone"
"570,852,12,777,570,479,318,666,acetone"
"570,849,14,750,568,479,316,672,acetone"
"573,845,14,753,568,479,317,666,acetone"
"567,847,14,749,574,478,320,665,acetone"
"573,848,16,749,566,478,316,668,acetone"
"575,856,14,751,569,478,317,668,acetone"
"574,850,14,753,566,480,318,667,acetone"
"571,847,13,752,569,478,316,673,acetone"
"571,846,13,771,578,488,316,669,acetone"
"574,847,6,753,567,478,322,669,acetone"
"572,851,15,749,568,484,317,667,acetone"
"574,849,14,751,567,479,314,668,acetone"
"577,849,14,752,569,477,316,668,acetone"
"574,849,12,751,568,476,318,667,acetone"
"572,851,10,752,569,477,319,666,acetone"
"569,850,13,752,566,474,320,665,acetone"
"574,847,14,752,564,478,315,665,acetone"
"572,847,14,752,569,483,317,669,acetone"
"589,842,15,756,568,477,316,693,acetone"
"571,856,18,753,572,476,315,666,acetone"
"578,847,16,759,568,484,316,660,acetone"
"570,850,12,752,568,478,317,661,acetone"
"573,851,15,751,568,479,317,665,acetone"
"571,849,13,750,569,479,328,662,acetone"
"573,848,13,753,568,483,316,666,acetone"
"571,837,14,748,568,478,340,668,acetone"
"570,850,14,751,570,476,316,667,acetone"
"573,848,12,752,580,480,317,667,acetone"
"575,848,13,751,564,477,311,666,acetone"
"568,857,14,750,568,476,315,668,acetone"
"571,849,14,752,569,481,311,667,acetone"
"571,848,20,754,567,473,315,665,acetone"
"571,853,14,750,565,481,316,666,acetone"
"570,848,14,751,569,477,316,666,acetone"
"573,845,13,760,567,478,327,667,acetone"
"571,846,13,753,565,475,317,667,acetone"
"569,846,15,754,568,477,315,668,acetone"
"570,845,10,753,568,477,316,665,acetone"
"572,848,13,751,572,477,316,668,acetone"
"572,848,17,752,568,479,320,666,acetone"
"570,839,13,750,570,478,316,667,acetone"
"568,847,15,751,566,476,316,671,acetone"
"572,848,14,756,567,480,324,666,acetone"
"571,859,15,752,567,476,324,668,acetone"
"571,850,14,752,569,477,317,666,acetone"
"572,846,14,750,567,477,315,666,acetone"
"564,847,13,751,568,465,319,665,acetone"
"572,846,13,754,569,481,315,664,acetone"
"562,847,15,752,569,479,317,677,acetone"
"569,847,6,753,570,474,315,663,acetone"
"573,845,13,753,571,478,320,666,acetone"
"573,846,13,751,574,479,325,666,acetone"
"573,848,8,759,571,479,319,686,acetone"
"573,847,14,753,569,478,319,668,acetone"
"574,847,13,753,568,477,317,669,acetone"
"572,846,14,752,568,475,312,662,acetone"
"573,848,14,750,571,476,317,666,acetone"
"573,849,12,754,568,484,316,665,acetone"
"575,849,14,752,566,476,317,666,acetone"
"576,849,15,755,565,476,317,668,acetone"
"581,848,23,754,568,473,316,667,acetone"
"573,851,13,753,570,482,316,667,acetone"
"569,848,12,753,569,476,316,658,acetone"
"571,852,15,755,569,476,315,666,acetone"
"569,847,14,750,570,478,316,664,acetone"
"573,845,13,752,568,474,318,693,acetone"
"572,851,12,753,569,477,318,666,acetone"
"572,847,14,751,567,477,318,667,acetone"
"574,847,14,767,580,478,317,667,acetone"
"574,846,20,752,570,477,318,668,acetone"
"573,846,13,752,569,476,318,660,acetone"
"575,848,14,751,563,477,317,666,acetone"
"569,847,14,752,569,479,317,679,acetone"
"572,847,14,752,583,478,316,663,acetone"
"572,847,15,751,568,477,329,666,acetone"
"571,847,14,749,568,474,319,662,acetone"
"595,847,13,754,569,476,317,670,acetone"
"569,850,13,753,573,479,318,665,acetone"
"578,845,13,754,568,477,315,664,acetone"
"571,846,13,755,569,479,317,665,acetone"
"572,846,13,754,569,476,317,664,acetone"
"575,846,14,753,565,476,317,669,acetone"
"572,846,15,742,573,476,330,680,acetone"
"573,849,12,752,566,479,318,665,acetone"
"583,851,16,749,568,478,317,666,acetone"
"574,849,13,752,569,471,316,668,acetone"
"562,850,10,754,570,473,317,664,acetone"
"572,836,14,760,567,478,315,663,acetone"
"573,848,14,754,571,476,319,665,acetone"
"575,851,14,753,567,475,316,664,acetone"
"570,848,14,755,572,475,319,665,acetone"
"571,834,13,753,568,473,317,667,acetone"
"571,845,16,751,564,477,318,666,acetone"
"572,846,12,750,567,476,317,667,acetone"
"571,844,14,753,573,478,317,661,acetone"
"573,847,13,754,568,475,316,669,acetone"
"571,844,16,749,568,494,317,669,acetone"
"563,846,14,753,566,476,316,660,acetone"
"575,846,14,749,567,474,316,666,acetone"
"573,848,13,752,564,476,316,653,acetone"
"571,847,13,752,586,476,314,662,acetone"
"571,847,14,754,569,475,315,664,acetone"
"572,845,13,752,570,498,317,672,acetone"
"566,848,16,752,570,477,316,664,acetone"
"573,846,19,758,568,473,337,663,acetone"
"570,849,14,751,568,476,320,667,acetone"
"572,846,10,753,577,476,318,663,acetone"
"571,845,15,749,563,477,313,665,acetone"
"573,844,13,755,568,481,325,663,acetone"
"570,847,16,752,571,474,322,665,acetone"
"578,851,13,755,570,476,316,664,acetone"
"566,846,12,752,568,472,317,665,acetone"
"571,845,13,754,569,483,317,657,acetone"
"574,844,16,752,572,478,318,665,acetone"
"568,843,21,755,569,476,317,663,acetone"
"572,844,8,747,572,473,321,665,acetone"
"570,844,14,751,567,476,316,663,acetone"
"573,843,13,752,568,477,329,664,acetone"
"569,845,12,752,569,476,312,666,acetone"
"570,846,21,749,567,474,317,665,acetone"
"572,847,16,752,564,485,316,663,acetone"
"571,855,34,750,568,473,316,659,acetone"
"572,847,13,755,567,481,317,662,acetone"
"572,844,15,751,569,475,316,661,acetone"
"577,844,14,748,567,476,319,663,acetone"
"571,845,14,752,566,473,316,664,acetone"
"572,841,14,750,565,474,317,663,acetone"
"572,846,15,751,567,475,316,672,acetone"
"568,844,15,751,578,474,329,661,acetone"
"572,856,14,752,568,476,299,663,acetone"
"571,848,17,753,572,469,321,667,acetone"
"572,847,13,752,564,475,316,662,acetone"
"567,852,14,752,567,494,318,658,acetone"
"567,847,14,743,565,475,317,663,acetone"
"570,844,12,749,567,475,317,663,acetone"
"575,845,11,753,566,474,316,668,acetone"
"578,847,13,752,572,473,312,670,acetone"
"571,846,14,753,566,472,316,671,acetone"
"572,846,13,753,568,474,315,664,acetone"
"569,844,12,752,569,473,306,661,acetone"
"570,845,11,751,571,474,317,662,acetone"
"571,843,12,754,566,475,332,664,acetone"
"572,842,14,751,580,474,316,662,acetone"
"569,845,13,749,573,472,312,662,acetone"
"571,848,23,752,566,475,315,663,acetone"
"568,853,14,761,570,475,316,661,acetone"
"572,844,16,754,569,473,318,662,acetone"
"568,845,14,762,568,477,298,659,acetone"
"559,844,14,752,585,475,315,681,acetone"
"571,845,13,751,571,475,317,663,acetone"
"568,846,13,750,570,474,317,664,acetone"
"566,842,7,751,564,475,312,666,acetone"
"568,848,15,752,557,480,317,663,acetone"
"572,847,13,745,569,474,323,661,acetone"
"570,843,14,749,562,474,321,662,acetone"
"571,843,14,749,566,474,320,682,acetone"
"571,846,14,752,564,474,317,663,acetone"
"571,847,14,750,568,473,309,663,acetone"
"572,846,13,752,568,472,316,662,acetone"
"569,845,14,754,568,474,319,664,acetone"
"569,846,14,754,576,476,317,666,acetone"
"569,842,15,750,573,475,319,659,acetone"
"570,842,14,750,573,476,318,662,acetone"
"570,844,14,754,565,474,317,663,acetone"
"572,846,14,749,560,474,316,663,acetone"
"571,846,13,751,569,478,337,661,acetone"
"572,843,15,751,582,472,316,662,acetone"
"575,842,15,753,568,475,315,662,acetone"
"571,862,13,749,567,472,317,661,acetone"
"570,852,13,752,581,474,317,667,acetone"
"573,861,14,753,567,473,316,663,acetone"
"572,845,11,755,568,474,316,661,acetone"
"571,846,14,753,571,477,316,663,acetone"
"568,836,13,753,568,474,317,661,acetone"
"570,842,14,753,567,495,320,658,acetone"
"585,840,14,752,568,475,320,663,acetone"
"571,841,14,751,567,475,316,660,acetone"
"572,842,13,750,583,474,317,664,acetone"
"572,848,17,751,563,473,316,660,acetone"
"570,843,15,752,567,478,319,661,acetone"
"573,845,14,754,568,473,315,660,acetone"
"571,844,14,754,567,473,317,660,acetone"
"570,841,14,750,568,479,318,661,acetone"
"569,840,14,751,567,474,314,662,acetone"
"568,846,15,751,567,474,317,666,acetone"
"569,846,12,753,568,476,317,662,acetone"
"569,848,13,751,570,475,317,661,acetone"
"566,841,12,751,568,476,317,664,acetone"
"565,843,14,752,567,474,322,657,acetone"
"570,843,14,745,568,474,317,659,acetone"
"570,846,14,751,566,469,317,664,acetone"
"569,854,13,750,571,473,322,655,acetone"
"569,845,11,746,569,473,318,672,acetone"
"582,847,15,750,566,474,341,660,acetone"
"570,853,15,752,568,473,316,677,acetone"
"568,845,13,750,568,478,316,674,acetone"
"569,846,12,752,579,476,316,664,acetone"
"576,852,13,762,570,475,318,661,acetone"
"568,849,13,749,570,473,317,661,acetone"
"574,843,12,750,576,474,317,661,acetone"
"572,847,21,751,575,473,315,658,acetone"
"567,845,16,751,565,473,334,661,acetone"
"569,839,13,751,583,474,319,682,acetone"
"570,840,13,751,569,476,311,661,acetone"
"568,842,14,751,580,475,307,662,acetone"
"567,843,26,749,574,473,316,661,acetone"
"571,863,14,751,571,473,316,659,acetone"
"571,845,12,750,567,474,319,659,acetone"
"569,845,15,750,567,478,314,660,acetone"
"571,841,12,752,567,473,322,670,acetone"
"570,842,14,751,566,474,318,667,acetone"
"570,849,18,752,567,471,318,659,acetone"
"569,842,13,748,567,473,317,661,acetone"
"572,842,14,751,570,472,316,660,acetone"
"570,841,14,746,567,475,316,668,acetone"
"569,846,14,752,570,472,341,661,acetone"
"571,838,16,750,567,469,314,660,acetone"
"570,843,13,748,570,473,323,660,acetone"
"570,840,13,749,574,474,322,663,acetone"
"570,844,46,752,566,469,315,658,acetone"
"568,845,22,750,566,469,316,658,acetone"
"570,852,12,748,558,471,314,658,acetone"
"565,840,14,748,566,475,317,655,acetone"
"563,843,17,748,566,496,317,658,acetone"
"571,837,14,749,564,473,315,661,acetone"
"567,846,13,751,566,469,315,658,acetone"
"569,845,13,752,566,474,317,659,acetone"
"568,843,17,751,570,473,313,658,acetone"
"568,841,13,749,569,474,316,659,acetone"
"571,839,17,747,563,475,316,661,acetone"
"570,841,10,750,566,471,316,661,acetone"
"570,844,13,748,564,472,316,664,acetone"
"569,842,14,749,570,472,316,658,acetone"
"567,837,17,761,567,478,313,657,acetone"
"568,841,16,749,565,473,317,659,acetone"
"570,839,18,750,565,473,318,659,acetone"
"570,841,14,749,565,473,315,659,acetone"
"567,844,13,749,565,467,318,664,acetone"
"567,845,19,748,567,471,315,659,acetone"
"570,841,9,750,576,472,314,658,acetone"
"567,839,13,749,580,472,317,659,acetone"
"566,840,17,753,565,473,316,662,acetone"
"571,842,12,749,565,473,316,659,acetone"
"569,853,13,750,565,468,315,653,acetone"
"568,842,14,755,568,474,316,658,acetone"
"565,841,13,747,571,472,313,657,acetone"
"569,849,13,750,569,470,314,659,acetone"
"569,844,13,749,566,473,314,658,acetone"
"568,842,13,749,568,485,317,660,acetone"
"570,843,16,748,579,471,317,660,acetone"
"572,839,13,749,568,471,314,655,acetone"
"564,836,10,749,567,472,316,659,acetone"
"570,840,14,750,566,473,322,662,acetone"
"572,840,24,754,567,473,316,660,acetone"
"571,837,7,748,564,469,312,659,acetone"
"564,839,15,750,563,472,315,659,acetone"
"571,841,13,751,564,473,313,658,acetone"
"579,840,13,747,578,473,317,662,acetone"
"568,840,43,751,567,473,316,676,acetone"
"570,847,14,750,564,472,316,660,acetone"
"572,842,12,752,568,472,319,659,acetone"
"573,846,13,748,571,474,334,659,acetone"
"569,839,13,752,576,474,313,659,acetone"
"570,836,14,742,565,472,316,660,acetone"
"568,842,14,749,581,473,318,660,acetone"
"570,842,16,749,566,472,317,659,acetone"
"569,843,14,751,581,473,317,658,acetone"
"570,835,13,755,567,473,314,659,acetone"
"569,836,13,748,566,473,319,659,acetone"
"567,841,13,748,569,473,315,658,acetone"
"567,841,14,750,565,473,315,660,acetone"
"568,842,15,751,568,472,316,659,acetone"
"569,840,12,750,579,472,317,663,acetone"
"570,840,19,749,558,473,317,658,acetone"
"570,844,11,750,570,473,316,689,acetone"
"570,841,14,752,567,474,316,660,acetone"
"574,843,13,749,568,474,316,658,acetone"
"569,843,36,747,567,472,319,658,acetone"
"568,842,16,766,567,473,317,659,acetone"
"575,843,13,749,568,471,319,659,acetone"
"566,844,14,752,565,471,316,658,acetone"
"569,840,4,745,567,472,318,659,acetone"
"567,841,17,749,565,473,316,654,acetone"
"570,844,13,753,572,475,318,661,acetone"
"571,844,25,750,569,473,314,656,acetone"
"569,838,14,749,568,477,310,657,acetone"
"571,840,13,752,568,474,317,658,acetone"
"570,840,14,749,562,473,315,659,acetone"
"573,845,14,750,582,473,315,659,acetone"
"570,842,13,746,568,474,316,662,acetone"
"571,841,23,752,569,472,316,657,acetone"
"569,839,13,749,563,470,316,658,acetone"
"567,849,12,751,566,472,318,658,acetone"
"567,844,13,749,566,472,315,667,acetone"
"569,839,14,750,566,473,316,657,acetone"
"573,843,14,751,568,474,314,658,acetone"
"570,835,14,750,563,477,314,664,acetone"
"570,850,13,750,569,474,317,659,acetone"
"569,843,13,746,566,481,316,658,acetone"
"569,846,14,777,567,474,316,657,acetone"
"570,840,13,758,569,474,320,654,acetone"
"572,841,13,748,565,489,316,662,acetone"
"571,842,14,751,566,473,316,656,acetone"
"566,839,14,751,566,472,312,656,acetone"
"570,842,16,750,567,470,315,657,acetone"
"573,839,14,749,567,473,318,658,acetone"
"571,841,14,748,566,468,316,662,acetone"
"568,841,14,750,568,472,316,657,acetone"
"569,844,14,752,567,474,314,657,acetone"
"569,840,13,749,565,474,318,661,acetone"
"572,840,26,749,564,472,337,658,acetone"
"569,844,39,750,565,474,320,659,acetone"
"570,843,13,751,567,470,315,657,acetone"
"587,841,13,750,580,473,312,656,acetone"
"571,839,14,748,572,475,318,659,acetone"
"568,862,11,756,563,473,317,658,acetone"
"569,843,4,748,565,472,316,657,acetone"
"570,843,12,749,565,472,315,655,acetone"
"569,840,13,747,570,474,316,660,acetone"
"570,841,31,749,564,473,317,655,acetone"
"570,843,13,750,565,473,316,658,acetone"
"568,838,14,751,567,474,304,659,acetone"
"574,844,12,750,571,486,317,677,acetone"
"571,840,13,749,566,473,321,655,acetone"
"570,845,14,748,566,472,314,658,acetone"
"566,839,13,752,563,473,316,660,acetone"
"570,836,13,752,566,475,316,658,acetone"
"570,839,13,751,566,475,316,657,acetone"
"571,839,13,748,567,473,311,662,acetone"
"572,842,12,748,567,472,321,658,acetone"
"571,840,12,749,568,474,318,652,acetone"
"568,837,13,749,567,472,316,657,acetone"
"570,838,14,752,570,471,317,655,acetone"
"570,841,13,749,565,471,316,656,acetone"
"565,845,13,745,565,468,316,656,acetone"
"564,842,13,750,569,473,306,659,acetone"
"568,838,18,749,565,472,317,655,acetone"
"569,836,13,750,567,472,317,655,acetone"
"569,840,12,748,566,472,319,663,acetone"
"568,843,13,747,568,471,315,660,acetone"
"571,843,13,751,561,470,314,656,acetone"
"568,836,14,751,567,471,314,660,acetone"
"563,861,14,750,576,472,321,657,acetone"
"567,840,14,748,566,471,317,657,acetone"
"569,846,14,755,566,471,317,653,acetone"
"573,851,12,750,566,471,316,658,acetone"
"567,842,14,752,567,473,316,655,acetone"
"566,840,11,749,567,472,315,658,acetone"
"571,842,13,748,567,470,317,662,acetone"
"572,843,14,746,566,471,316,657,acetone"
"569,840,13,750,564,470,316,656,acetone"
"570,843,26,752,576,471,316,652,acetone"
"566,841,14,753,566,473,317,655,acetone"
"566,836,18,742,567,470,318,658,acetone"
"571,844,14,750,563,471,317,652,acetone"
"565,843,13,752,568,472,316,657,acetone"
"568,837,12,747,567,469,316,656,acetone"
"569,838,7,753,569,470,316,656,acetone"
"569,840,12,751,566,474,324,660,acetone"
"570,842,14,749,565,466,337,657,acetone"
"569,839,14,759,566,471,321,656,acetone"
"565,838,12,761,567,471,316,656,acetone"
"575,841,13,758,566,474,320,666,acetone"
"570,840,14,750,565,472,317,658,acetone"
"571,842,39,751,564,474,324,657,acetone"
"567,839,14,751,564,472,315,655,acetone"
"558,840,12,749,561,473,312,655,acetone"
"566,840,13,749,562,470,317,658,acetone"
"568,844,24,751,559,471,315,654,acetone"
"571,843,13,750,558,468,318,655,acetone"
"570,841,15,751,566,474,316,654,acetone"
"576,842,14,751,565,473,317,657,acetone"
"571,838,19,750,566,471,337,656,acetone"
"572,841,12,776,567,471,316,657,acetone"
"570,841,10,752,573,471,317,662,acetone"
"569,840,16,750,567,471,323,656,acetone"
"567,837,13,750,585,471,318,657,acetone"
"568,842,14,749,565,471,329,656,acetone"
"569,839,14,751,562,490,315,659,acetone"
"568,843,12,752,566,473,317,654,acetone"
"566,840,12,751,565,474,314,656,acetone"
"567,837,14,749,566,475,316,658,acetone"
"571,838,14,749,581,472,303,676,acetone"
"567,840,13,750,567,469,317,653,acetone"
"566,840,13,752,566,476,316,656,acetone"
"568,840,12,750,565,473,316,657,acetone"
"573,841,14,750,565,472,314,658,acetone"
"568,850,10,751,566,469,317,654,acetone"
"565,834,13,752,568,474,315,658,acetone"
"569,838,11,748,581,480,318,657,acetone"
"569,842,12,751,565,470,316,672,acetone"
"568,842,12,751,560,470,316,656,acetone"
"566,842,14,751,565,472,318,656,acetone"
"566,843,11,749,564,470,313,655,acetone"
"568,840,20,749,565,473,318,656,acetone"
"566,842,12,751,565,469,315,656,acetone"
"569,842,13,761,565,470,314,654,acetone"
"565,838,16,752,566,471,316,653,acetone"
"570,840,15,750,563,470,316,654,acetone"
"568,840,16,748,568,471,317,655,acetone"
"567,845,12,750,565,486,317,653,acetone"
"570,840,13,752,564,474,315,656,acetone"
"568,837,13,750,569,486,316,656,acetone"
"570,838,5,747,567,470,316,659,acetone"
"568,841,8,747,565,469,315,653,acetone"
"565,840,12,752,570,470,317,653,acetone"
"570,841,22,748,566,469,314,652,acetone"
"567,839,13,749,565,471,315,654,acetone"
"571,837,13,749,563,470,314,654,acetone"
"566,840,18,748,566,470,323,654,acetone"
"563,839,50,746,566,470,314,652,acetone"
"566,839,13,749,566,471,316,655,acetone"
"566,838,25,751,564,470,317,659,acetone"
"564,841,35,749,566,466,317,661,acetone"
"568,842,13,752,573,469,315,654,acetone"
"564,838,14,747,566,470,315,653,acetone"
"591,841,14,747,580,471,303,655,acetone"
"570,843,12,747,567,470,317,655,acetone"
"566,840,12,748,565,470,315,652,acetone"
"564,839,13,751,567,470,316,654,acetone"
"565,847,14,746,568,469,317,653,acetone"
"571,841,13,748,565,469,317,655,acetone"
"567,839,14,750,567,471,314,655,acetone"
"567,839,12,749,567,469,315,655,acetone"
"566,839,14,749,559,470,310,654,acetone"
"568,839,13,744,563,470,322,656,acetone"
"570,837,21,748,565,475,316,652,acetone"
"568,839,15,748,568,484,312,651,acetone"
"570,839,13,748,568,492,314,654,acetone"
"576,849,21,747,559,470,313,654,acetone"
"568,842,13,749,565,468,318,650,acetone"
"567,834,14,749,566,489,316,653,acetone"
"570,839,13,751,566,470,315,649,acetone"
"566,838,13,746,565,469,316,653,acetone"
"566,842,13,751,565,471,316,653,acetone"
"566,841,14,750,568,472,314,653,acetone"
"567,834,13,745,567,470,318,653,acetone"
"570,840,14,748,562,468,318,654,acetone"
"566,838,14,749,564,468,316,653,acetone"
"565,839,15,751,559,471,315,653,acetone"
"573,840,13,746,565,471,312,654,acetone"
"568,840,14,758,566,470,317,654,acetone"
"567,839,13,754,565,465,316,655,acetone"
"568,841,12,755,564,471,319,653,acetone"
"569,837,14,750,568,472,315,677,acetone"
"569,839,12,749,565,470,315,658,acetone"
"566,840,20,747,566,469,319,656,acetone"
"566,839,25,750,568,467,315,654,acetone"
"567,841,14,751,566,470,313,652,acetone"
"567,838,14,749,565,490,320,653,acetone"
"568,841,15,748,567,470,315,655,acetone"
"566,842,14,751,570,469,316,652,acetone"
"567,839,12,751,566,467,317,655,acetone"
"567,837,13,748,565,474,310,655,acetone"
"568,841,11,742,565,469,316,652,acetone"
"566,840,15,752,565,468,315,652,acetone"
"565,838,12,751,565,469,316,653,acetone"
"570,833,14,749,563,473,318,652,acetone"
"569,842,15,764,566,472,339,652,acetone"
"557,840,14,749,569,474,316,648,acetone"
"567,842,13,748,567,472,319,656,acetone"
"568,839,29,745,562,469,316,657,acetone"
"568,837,12,747,565,471,315,652,acetone"
"566,840,12,748,566,469,315,668,acetone"
"568,841,13,750,562,469,318,657,acetone"
"569,839,47,750,561,470,316,658,acetone"
"573,843,35,751,570,489,320,653,acetone"
"566,838,13,774,566,471,315,653,acetone"
"566,838,13,749,565,471,319,656,acetone"
"567,841,14,748,566,470,329,651,acetone"
"565,841,14,751,579,491,315,652,acetone"
"568,838,13,749,565,471,312,652,acetone"
"568,840,14,749,565,469,316,651,acetone"
"594,845,13,750,565,468,316,651,acetone"
"570,840,12,750,568,470,315,653,acetone"
"562,840,26,749,562,470,315,652,acetone"
"566,842,12,749,564,469,316,656,acetone"
"569,840,14,749,562,465,310,651,acetone"
"567,839,14,751,566,468,316,653,acetone"
"563,839,15,748,570,467,316,652,acetone"
"568,841,13,748,563,468,319,653,acetone"
"566,841,15,750,567,468,316,651,acetone"
"566,838,14,750,566,472,314,653,acetone"
"566,839,28,748,569,468,316,652,acetone"
"568,834,13,750,576,469,314,646,acetone"
"567,841,14,739,566,469,315,651,acetone"
"566,834,12,747,567,468,316,654,acetone"
"567,838,14,749,563,472,315,653,acetone"
"567,837,17,753,562,468,316,654,acetone"
"566,828,15,745,566,494,322,641,acetone"
"564,837,12,747,567,468,319,653,acetone"
"567,839,14,742,566,473,316,652,acetone"
"573,838,14,754,568,468,316,654,acetone"
"561,840,15,748,567,469,318,652,acetone"
"570,843,13,749,564,475,314,651,acetone"
"569,839,15,748,566,470,315,652,acetone"
"579,839,13,750,574,469,314,652,acetone"
"564,837,14,749,565,469,316,652,acetone"
"570,849,13,748,565,465,313,655,acetone"
"567,840,26,750,565,472,317,651,acetone"
"565,839,13,756,566,469,314,652,acetone"
"567,830,14,749,565,470,316,655,acetone"
"566,842,14,750,565,469,317,647,acetone"
"566,840,14,750,566,477,316,644,acetone"
"565,839,14,748,568,468,316,652,acetone"
"570,839,17,749,566,468,314,652,acetone"
"567,840,13,752,566,469,316,646,acetone"
"568,839,11,762,565,469,321,652,acetone"
"569,838,13,755,567,468,316,654,acetone"
"565,839,11,752,577,469,316,652,acetone"
"563,842,16,752,565,470,315,681,acetone"
"567,837,11,751,566,470,315,655,acetone"
"566,859,13,747,566,467,309,656,acetone"
"568,840,12,750,566,468,316,654,acetone"
"568,838,14,751,564,468,315,651,acetone"
"567,840,13,750,567,470,314,652,acetone"
"566,837,12,749,565,473,316,653,acetone"
"569,868,5,749,561,467,336,653,acetone"
"565,839,14,750,565,469,330,647,acetone"
"569,842,13,751,569,474,317,652,acetone"
"567,837,15,749,566,472,315,654,acetone"
"568,841,13,748,565,469,316,654,acetone"
"567,839,15,752,564,467,316,652,acetone"
"568,840,13,749,567,469,324,650,acetone"
"565,837,13,749,564,466,315,652,acetone"
"569,834,15,749,564,469,318,652,acetone"
"567,839,14,748,571,468,316,651,acetone"
"567,834,14,752,566,475,321,652,acetone"
"568,836,14,747,564,469,320,653,acetone"
"577,840,14,747,566,465,315,654,acetone"
"568,841,13,750,564,462,322,651,acetone"
"564,840,13,750,567,469,311,650,acetone"
"569,831,12,750,565,475,316,658,acetone"
"569,839,14,749,569,464,316,652,acetone"
"568,839,13,747,567,468,315,651,acetone"
"567,838,14,750,566,466,315,654,acetone"
"565,838,13,749,562,488,318,652,acetone"
"566,837,12,748,571,468,317,652,acetone"
"565,843,14,746,563,470,314,651,acetone"
"569,839,14,752,565,468,315,653,acetone"
"569,835,13,751,566,469,317,661,acetone"
"567,841,15,766,565,467,317,651,acetone"
"586,840,13,751,568,469,322,659,acetone"
"566,840,13,776,565,468,314,652,acetone"
"568,834,14,748,567,469,316,651,acetone"
"564,838,15,748,565,474,316,654,acetone"
"567,841,14,748,565,467,315,651,acetone"
"564,841,13,746,567,467,317,650,acetone"
"565,841,13,749,566,467,317,650,acetone"
"565,838,14,749,566,467,321,650,acetone"
"570,836,13,750,565,467,317,650,acetone"
"564,846,13,759,564,469,315,649,acetone"
"568,841,14,749,565,466,315,652,acetone"
"586,839,10,751,566,468,317,651,acetone"
"567,839,12,749,564,465,316,651,acetone"
"568,837,16,747,563,471,315,655,acetone"
"569,839,13,749,564,468,315,651,acetone"
"566,840,13,746,566,467,314,646,acetone"
"566,844,12,750,567,467,316,653,acetone"
"567,839,21,748,564,471,312,652,acetone"
"567,840,13,748,565,468,314,652,acetone"
"565,838,12,749,568,470,317,651,acetone"
"566,832,25,748,568,469,317,652,acetone"
"564,840,14,751,560,467,313,651,acetone"
"567,843,12,750,565,473,313,651,acetone"
"566,836,13,751,568,467,314,652,acetone"
"562,837,12,750,561,468,314,651,acetone"
"567,836,12,748,565,471,320,652,acetone"
"565,839,14,739,566,469,315,651,acetone"
"566,839,13,749,565,464,315,652,acetone"
"563,837,14,751,569,466,314,651,acetone"
"566,837,13,750,564,468,309,665,acetone"
"566,837,1,748,565,471,311,652,acetone"
"561,840,14,750,566,471,316,650,acetone"
"567,837,13,748,565,466,315,650,acetone"
"564,837,12,752,566,469,317,652,acetone"
"568,837,14,749,565,465,316,653,acetone"
"569,841,13,748,565,467,318,650,acetone"
"564,839,14,752,566,478,314,649,acetone"
"579,838,14,750,565,469,315,651,acetone"
"566,835,13,748,566,464,315,652,acetone"
"567,839,14,749,569,465,315,649,acetone"
"566,841,12,749,564,484,316,650,acetone"
"566,840,13,750,556,468,316,648,acetone"
"566,838,13,752,565,467,315,654,acetone"
"568,838,12,748,565,466,316,652,acetone"
"565,856,14,751,566,468,303,652,acetone"
"565,841,13,750,566,466,317,649,acetone"
"564,848,14,750,564,471,320,651,acetone"
"566,839,12,745,565,467,314,652,acetone"
"565,842,15,746,565,474,316,648,acetone"
"566,838,12,752,567,466,318,648,acetone"
"565,841,13,749,566,466,325,650,acetone"
"568,838,11,749,583,466,317,650,acetone"
"565,840,14,749,565,467,320,656,acetone"
"565,838,13,750,568,467,315,651,acetone"
"566,837,11,748,569,468,322,649,acetone"
"567,835,12,747,565,471,316,653,acetone"
"567,838,13,749,561,467,313,652,acetone"
"567,842,16,749,566,466,316,644,acetone"
"566,834,13,746,567,468,316,650,acetone"
"568,839,13,750,564,467,315,649,acetone"
"566,839,14,751,564,468,317,650,acetone"
"576,835,14,750,564,469,318,650,acetone"
"586,838,14,748,567,470,316,650,acetone"
"563,837,14,750,563,467,316,648,acetone"
"563,832,14,750,570,466,319,650,acetone"
"567,840,14,747,565,467,316,654,acetone"
"562,836,15,750,564,463,317,648,acetone"
"563,840,14,751,569,466,315,647,acetone"
"567,833,14,762,566,466,315,647,acetone"
"562,842,13,750,567,468,319,672,acetone"
"564,840,10,751,566,465,311,649,acetone"
"569,840,12,751,565,467,332,650,acetone"
"564,841,13,751,567,466,316,651,acetone"
"566,837,13,751,567,468,315,651,acetone"
"566,833,12,739,564,467,322,651,acetone"
"568,839,13,745,564,466,315,651,acetone"
"566,838,10,745,564,468,316,652,acetone"
"566,834,13,750,567,473,315,649,acetone"
"568,847,15,751,562,467,315,649,acetone"
"565,838,13,748,564,468,316,651,acetone"
"567,840,47,748,579,465,317,657,acetone"
"564,839,14,748,556,465,316,654,acetone"
"565,837,25,749,586,465,319,653,acetone"
"564,838,13,748,566,466,318,649,acetone"
"566,839,13,733,563,463,319,648,acetone"
"569,839,12,752,566,468,318,648,acetone"
"565,840,12,749,565,466,315,647,acetone"
"564,836,10,768,566,478,316,649,acetone"
"566,838,14,749,555,466,318,651,acetone"
"567,840,13,751,564,466,316,652,acetone"
"566,847,13,756,556,466,315,650,acetone"
"565,839,14,750,578,466,316,649,acetone"
"564,834,14,749,567,466,316,648,acetone"
"567,839,12,749,564,470,316,656,acetone"
"568,838,13,736,562,466,316,655,acetone"
"568,834,13,751,564,467,316,649,acetone"
"571,839,13,749,564,469,316,666,acetone"
"566,840,6,751,562,470,344,651,acetone"
"561,842,13,757,564,466,316,651,acetone"
"566,837,13,752,587,467,317,651,acetone"
"568,839,14,752,568,466,320,679,acetone"
"566,838,12,746,564,467,316,650,acetone"
"566,832,21,747,564,472,316,649,acetone"
"565,839,14,745,566,466,310,647,acetone"
"568,839,13,749,571,465,316,664,acetone"
"564,838,13,749,566,466,316,647,acetone"
"565,841,13,752,565,462,327,648,acetone"
"567,840,13,751,567,466,319,650,acetone"
"565,833,13,752,565,465,315,648,acetone"
"565,834,14,749,565,481,316,649,acetone"
"567,836,9,747,564,465,320,651,acetone"
"567,840,13,749,563,464,318,647,acetone"
"563,840,14,748,565,467,316,647,acetone"
"565,839,12,751,563,466,315,648,acetone"
"566,838,13,744,565,466,311,648,acetone"
"567,834,14,749,566,465,315,651,acetone"
"584,840,19,760,566,465,316,648,acetone"
"565,837,13,750,567,465,315,652,acetone"
"565,832,7,744,561,465,316,651,acetone"
"556,839,21,745,566,462,316,648,acetone"
"566,834,13,747,566,464,315,667,acetone"
"566,838,19,751,568,462,316,647,acetone"
"564,836,13,748,571,463,317,648,acetone"
"566,837,13,744,572,460,315,650,acetone"
"563,840,19,752,566,464,316,647,acetone"
"563,841,11,752,568,465,315,646,acetone"
"565,836,14,751,561,463,315,647,acetone"
"563,835,13,748,569,464,314,650,acetone"
"564,841,14,746,564,466,316,647,acetone"
"565,837,18,750,564,464,315,643,acetone"
"563,837,13,751,584,464,317,648,acetone"
"566,840,13,749,565,463,316,648,acetone"
"564,842,13,749,567,471,316,643,acetone"
"563,838,13,752,563,466,315,647,acetone"
"566,833,13,748,565,465,316,646,acetone"
"565,836,13,749,566,465,316,648,acetone"
"560,839,13,749,564,464,314,654,acetone"
"558,835,13,749,576,465,317,645,acetone"
"563,838,13,749,565,479,317,647,acetone"
"564,837,13,749,559,465,316,650,acetone"
"567,836,15,750,579,466,315,646,acetone"
"564,833,11,750,570,490,314,648,acetone"
"565,832,10,748,568,465,316,648,acetone"
"565,834,14,749,565,465,316,647,acetone"
"566,837,13,748,563,489,317,648,acetone"
"562,838,14,748,565,464,315,645,acetone"
"565,837,13,749,566,467,316,649,acetone"
"566,839,13,750,564,463,317,647,acetone"
"565,835,13,749,565,465,314,647,acetone"
"563,836,14,750,571,466,316,648,acetone"
"566,837,13,748,565,466,317,648,acetone"
"567,838,13,749,562,464,315,649,acetone"
"565,836,12,751,565,463,316,647,acetone"
"566,838,13,752,566,464,315,646,acetone"
"563,833,15,750,565,464,313,650,acetone"
"565,838,6,749,566,464,318,650,acetone"
"565,834,14,746,565,470,318,652,acetone"
"565,834,14,749,567,468,316,648,acetone"
"564,834,19,751,564,470,319,649,acetone"
"567,839,16,748,565,487,315,647,acetone"
"565,834,13,750,568,464,315,647,acetone"
"563,839,13,748,564,463,321,646,acetone"
"565,837,13,747,566,467,315,649,acetone"
"564,840,13,749,564,464,314,651,acetone"
"563,833,13,751,566,464,316,656,acetone"
"566,830,13,747,562,465,317,648,acetone"
"564,839,14,748,564,462,316,644,acetone"
"563,835,16,751,565,464,313,646,acetone"
"566,833,13,749,566,467,333,641,acetone"
"567,835,13,748,565,462,316,648,acetone"
"567,839,13,749,567,464,316,647,acetone"
"562,837,7,753,571,464,316,647,acetone"
"565,838,12,749,568,464,317,648,acetone"
"564,836,14,751,568,464,315,650,acetone"
"565,835,14,748,565,464,316,647,acetone"
"575,837,13,749,569,464,314,648,acetone"
"564,838,13,746,565,465,317,645,acetone"
"566,839,13,749,564,468,316,645,acetone"
"566,834,14,749,569,464,318,648,acetone"
"563,837,22,750,571,465,317,646,acetone"
"561,836,13,760,561,466,315,646,acetone"
"569,833,15,743,559,465,314,648,acetone"
"567,839,13,751,565,464,315,647,acetone"
"567,839,9,752,566,466,315,654,acetone"
"564,838,14,751,559,464,317,648,acetone"
"569,836,14,749,566,463,314,648,acetone"
"561,837,14,752,565,464,315,651,acetone"
"565,858,13,750,568,465,312,647,acetone"
"565,834,14,761,564,464,316,651,acetone"
"567,866,15,747,569,464,315,645,acetone"
"567,836,15,752,564,463,316,646,acetone"
"566,839,13,749,565,464,325,649,acetone"
"567,842,33,744,564,465,317,647,acetone"
"573,837,13,751,569,460,316,644,acetone"
"562,834,13,750,565,486,315,647,acetone"
"562,837,14,747,564,464,318,649,acetone"
"563,829,12,757,566,465,314,649,acetone"
"565,833,13,748,570,464,314,649,acetone"
"566,837,14,746,564,464,317,651,acetone"
"564,838,13,749,566,464,313,647,acetone"
"567,840,10,750,565,458,316,645,acetone"
"565,836,11,748,567,463,316,653,acetone"
"564,838,15,748,566,480,310,648,acetone"
"563,838,47,748,554,463,316,647,acetone"
"567,835,14,748,565,469,315,650,acetone"
"565,836,13,747,564,464,315,643,acetone"
"565,835,14,748,565,469,319,641,acetone"
"565,835,16,751,564,463,340,646,acetone"
"565,837,11,749,581,460,305,645,acetone"
"561,837,13,756,567,467,317,646,acetone"
"566,832,13,748,563,461,315,647,acetone"
"562,837,18,748,565,462,316,647,acetone"
"562,839,13,762,564,463,312,642,acetone"
"573,840,19,749,566,464,315,647,acetone"
"567,836,12,749,565,465,320,650,acetone"
"565,841,15,750,567,459,316,647,acetone"
"565,837,15,749,579,465,315,646,acetone"
"566,834,13,751,565,462,314,648,acetone"
"564,832,15,749,563,459,318,643,acetone"
"560,836,13,748,554,461,315,661,acetone"
"564,839,14,750,564,467,332,644,acetone"
"561,835,13,751,567,463,316,644,acetone"
"562,835,13,750,565,465,315,648,acetone"
"573,840,14,749,565,463,314,647,acetone"
"564,837,14,752,564,459,316,646,acetone"
"564,838,13,749,565,465,316,645,acetone"
"564,834,55,748,563,464,314,649,acetone"
"563,837,4,746,567,465,314,645,acetone"
"564,840,12,751,569,464,314,653,acetone"
"561,838,19,748,564,463,314,645,acetone"
"567,839,14,749,566,462,313,644,acetone"
"566,839,11,750,583,463,315,645,acetone"
"566,835,16,749,570,461,316,647,acetone"
"562,837,9,748,565,461,316,645,acetone"
"565,839,13,753,565,462,316,648,acetone"
"567,837,13,746,564,486,310,650,acetone"
"562,836,13,747,565,459,314,645,acetone"
"560,837,11,748,566,460,307,650,acetone"
"567,842,13,748,564,462,315,667,acetone"
"565,837,13,751,581,462,315,646,acetone"
"559,837,13,752,566,468,317,645,acetone"
"564,837,12,747,563,460,315,647,acetone"
"564,837,13,746,565,463,316,647,acetone"
"563,838,13,749,562,471,313,646,acetone"
"569,831,13,736,580,463,318,646,acetone"
"564,838,9,749,564,461,313,645,acetone"
"565,840,13,749,566,459,317,645,acetone"
"564,837,13,747,566,463,314,646,acetone"
"562,834,12,756,566,463,332,645,acetone"
"566,840,14,746,563,463,313,653,acetone"
"565,838,12,748,565,463,314,638,acetone"
"560,837,13,750,568,463,316,648,acetone"
"565,834,11,744,561,463,315,647,acetone"
"563,834,13,746,564,462,315,671,acetone"
"566,838,14,749,566,468,315,644,acetone"
"564,836,12,751,560,465,323,662,acetone"
"563,835,13,747,565,468,315,647,acetone"
"562,836,22,746,559,463,330,648,acetone"
"564,838,12,751,563,480,314,644,acetone"
"563,834,17,747,561,463,324,645,acetone"
"566,836,14,748,566,462,339,644,acetone"
"568,837,13,751,564,462,315,644,acetone"
"561,831,13,751,580,463,310,647,acetone"
"563,837,13,749,564,463,340,653,acetone"
"563,840,14,749,557,462,314,644,acetone"
"564,840,14,749,563,461,315,644,acetone"
"564,836,15,749,566,451,315,649,acetone"
"562,837,14,750,565,462,315,651,acetone"
"561,836,14,759,563,463,316,648,acetone"
"568,836,13,749,566,462,315,650,acetone"
"564,839,13,747,564,463,312,642,acetone"
"561,844,13,748,568,463,318,645,acetone"
"561,840,11,752,563,461,314,642,acetone"
"563,834,13,749,565,462,315,642,acetone"
"562,835,12,749,567,462,314,647,acetone"
"560,839,13,774,565,455,317,645,acetone"
"559,839,13,751,564,462,315,650,acetone"
"562,835,15,750,565,467,303,645,acetone"
"563,833,12,747,565,463,316,642,acetone"
"562,835,14,749,564,462,314,649,acetone"
"562,834,15,750,565,459,315,650,acetone"
"565,836,19,747,559,463,342,648,acetone"
"564,837,13,748,565,459,333,644,acetone"
"565,834,12,751,565,466,316,646,acetone"
"558,839,11,749,565,461,315,645,acetone"
"564,836,14,748,560,462,317,649,acetone"
"563,834,15,749,559,464,315,644,acetone"
"561,838,18,750,569,461,316,642,acetone"
"564,832,15,749,565,465,317,647,acetone"
"563,843,13,749,565,463,318,644,acetone"
"564,844,14,740,566,461,314,644,acetone"
"563,835,13,748,565,464,317,645,acetone"
"569,837,13,746,573,463,324,645,acetone"
"563,837,13,747,564,462,315,644,acetone"
"561,834,15,751,566,466,315,644,acetone"
"562,835,9,748,565,463,312,646,acetone"
"565,835,14,753,564,462,315,645,acetone"
"564,834,11,752,564,467,322,643,acetone"
"562,838,13,749,566,466,310,645,acetone"
"563,836,9,748,565,459,315,645,acetone"
"566,840,12,744,562,462,316,643,acetone"
"557,834,13,750,565,461,313,646,acetone"
"562,833,13,749,565,462,316,644,acetone"
"562,837,12,749,563,463,322,643,acetone"
"561,854,8,748,563,461,315,645,acetone"
"563,847,13,750,563,461,304,643,acetone"
"560,835,12,750,567,463,315,644,acetone"
"563,836,13,749,564,461,315,644,acetone"
"562,838,20,747,559,462,314,642,acetone"
"563,838,14,748,567,476,314,642,acetone"
"563,824,28,746,558,462,316,644,acetone"
"563,836,16,747,567,461,313,643,acetone"
"564,838,13,745,564,460,317,643,acetone"
"561,835,12,749,564,464,314,646,acetone"
"562,832,14,751,563,461,325,637,acetone"
"562,836,9,746,563,461,312,645,acetone"
"557,841,13,773,563,461,315,641,acetone"
"563,831,15,749,564,469,314,658,acetone"
"562,828,13,749,564,462,315,646,acetone"
"561,826,54,748,559,460,313,642,acetone"
"558,837,13,748,564,460,323,641,acetone"
"560,832,19,743,563,461,318,645,acetone"
"560,843,13,746,571,460,310,641,acetone"
"558,839,14,751,558,460,312,640,acetone"
"558,832,13,748,564,461,314,647,acetone"
"560,839,13,748,565,460,316,643,acetone"
"563,837,15,747,561,459,316,639,acetone"
"559,834,13,748,565,460,316,642,acetone"
"561,836,13,748,555,461,315,643,acetone"
"560,836,13,771,566,455,307,643,acetone"
"560,834,13,750,562,479,317,639,acetone"
"558,838,12,744,569,462,315,638,acetone"
"561,835,12,746,562,461,315,641,acetone"
"561,857,13,748,562,457,328,641,acetone"
"561,832,25,748,566,461,313,641,acetone"
"561,836,15,746,565,461,315,644,acetone"
"566,836,14,747,562,463,315,643,acetone"
"562,840,13,750,564,461,328,640,acetone"
"559,834,25,750,563,460,320,643,acetone"
"560,835,14,746,564,464,315,644,acetone"
"561,831,16,749,563,460,316,641,acetone"
"561,833,14,749,560,461,317,642,acetone"
"560,831,11,749,565,461,314,643,acetone"
"558,837,13,754,582,460,316,645,acetone"
"585,837,6,750,564,459,314,647,acetone"
"560,834,13,749,566,458,316,641,acetone"
"560,832,15,746,562,476,314,642,acetone"
"582,836,13,747,563,459,310,642,acetone"
"574,834,14,748,565,461,310,643,acetone"
"559,833,12,763,562,461,315,637,acetone"
"563,838,14,747,564,461,315,644,acetone"
"563,837,14,751,564,460,313,642,acetone"
"560,836,13,749,565,461,311,643,acetone"
"563,834,14,749,561,462,315,643,acetone"
"562,834,14,751,564,461,314,644,acetone"
"561,841,14,750,572,461,314,637,acetone"
"561,836,6,748,564,459,314,642,acetone"
"561,837,13,748,567,483,315,641,acetone"
"563,833,12,750,565,460,330,642,acetone"
"563,835,12,753,567,475,342,644,acetone"
"568,836,12,748,562,461,315,642,acetone"
"554,837,14,748,565,460,316,642,acetone"
"562,835,12,750,563,462,312,641,acetone"
"562,833,12,746,569,460,318,644,acetone"
"560,833,13,752,563,459,314,672,acetone"
"562,836,18,753,566,460,314,641,acetone"
"575,839,14,751,565,461,321,642,acetone"
"563,836,13,751,577,462,314,644,acetone"
"561,839,13,750,565,461,319,644,acetone"
"561,834,14,752,562,462,307,649,acetone"
"561,832,14,747,565,461,322,645,acetone"
"552,834,3,747,556,461,314,640,acetone"
"562,837,15,740,566,455,313,642,acetone"
"560,835,13,748,565,461,317,642,acetone"
"558,836,13,747,578,456,315,640,acetone"
"560,837,13,748,561,459,319,640,acetone"
"563,833,15,749,577,476,316,642,acetone"
"558,836,18,762,567,457,314,647,acetone"
"581,844,26,742,562,465,320,647,acetone"
"558,839,17,746,564,458,342,642,acetone"
"560,859,16,751,564,460,314,637,acetone"
