"301,644,16,345,358,311,127,163,isopropyl"
"256,557,14,292,333,294,108,171,isopropyl"
"256,543,11,293,327,282,106,182,isopropyl"
"250,551,14,308,329,285,105,164,isopropyl"
"248,552,15,328,330,285,102,169,isopropyl"
"252,571,14,337,318,285,102,175,isopropyl"
"239,594,15,354,344,288,101,185,isopropyl"
"240,627,13,382,329,293,98,192,isopropyl"
"239,652,14,383,334,294,100,204,isopropyl"
"233,684,14,399,334,300,99,217,isopropyl"
"235,703,15,415,339,304,93,226,isopropyl"
"236,724,14,431,348,307,98,242,isopropyl"
"232,742,13,452,345,310,98,247,isopropyl"
"234,755,14,468,348,316,98,260,isopropyl"
"235,772,14,488,357,314,97,270,isopropyl"
"230,783,14,492,344,317,99,281,isopropyl"
"235,792,13,510,360,321,98,294,isopropyl"
"235,803,13,521,361,322,98,306,isopropyl"
"235,810,13,533,366,338,97,309,isopropyl"
"236,816,12,542,371,333,95,324,isopropyl"
"226,829,15,555,375,327,99,332,isopropyl"
"235,832,13,591,379,352,98,343,isopropyl"
"235,838,14,575,382,332,98,351,isopropyl"
"238,841,13,588,385,334,99,364,isopropyl"
"242,851,15,593,391,336,104,367,isopropyl"
"243,854,15,606,396,338,100,377,isopropyl"
"243,858,9,609,396,339,104,384,isopropyl"
"244,860,15,610,392,341,101,391,isopropyl"
"244,868,14,619,400,348,101,401,isopropyl"
"246,884,15,625,406,346,103,405,isopropyl"
"247,870,16,629,408,345,104,413,isopropyl"
"251,876,15,639,414,348,92,421,isopropyl"
"250,875,17,639,415,347,103,422,isopropyl"
"253,877,14,639,417,349,108,429,isopropyl"
"252,880,27,642,421,350,108,434,isopropyl"
"249,883,14,642,416,352,103,437,isopropyl"
"250,897,14,647,422,348,105,444,isopropyl"
"252,889,16,649,427,354,113,446,isopropyl"
"258,885,15,652,429,357,106,453,isopropyl"
"256,892,13,655,431,354,105,458,isopropyl"
"263,875,14,655,430,357,106,455,isopropyl"
"261,892,5,659,435,359,111,465,isopropyl"
"264,890,14,661,436,359,106,468,isopropyl"
"264,887,5,665,439,363,108,481,isopropyl"
"267,897,14,663,438,361,103,472,isopropyl"
"263,897,16,664,443,363,112,476,isopropyl"
"268,898,15,676,444,364,105,481,isopropyl"
"269,894,14,683,445,360,111,482,isopropyl"
"270,893,13,670,448,362,109,490,isopropyl"
"269,899,16,683,449,365,114,487,isopropyl"
"272,897,14,672,449,364,126,491,isopropyl"
"272,903,15,675,451,366,115,494,isopropyl"
"275,899,12,674,453,366,111,497,isopropyl"
"273,898,15,662,457,366,113,498,isopropyl"
"275,901,13,679,460,366,112,498,isopropyl"
"277,899,13,677,456,365,114,501,isopropyl"
"276,901,14,679,456,369,113,505,isopropyl"
"279,903,16,672,459,369,113,505,isopropyl"
"279,910,15,677,457,368,113,504,isopropyl"
"276,902,14,677,474,371,116,502,isopropyl"
"277,902,15,666,462,371,113,509,isopropyl"
"281,904,15,678,469,374,115,514,isopropyl"
"283,903,13,681,479,374,115,500,isopropyl"
"284,903,15,681,466,369,119,517,isopropyl"
"277,901,15,682,466,371,116,516,isopropyl"
"283,905,14,676,465,372,119,517,isopropyl"
"288,911,16,676,469,375,116,520,isopropyl"
"282,906,16,684,472,375,118,521,isopropyl"
"288,905,13,681,468,375,116,521,isopropyl"
"291,905,15,681,470,377,117,524,isopropyl"
"293,913,15,682,468,379,118,541,isopropyl"
"291,905,13,682,468,373,116,526,isopropyl"
"291,906,14,683,474,375,118,526,isopropyl"
"292,902,15,683,472,372,124,528,isopropyl"
"291,902,15,682,473,373,118,529,isopropyl"
"295,913,15,686,473,376,119,529,isopropyl"
"295,905,15,682,474,377,119,531,isopropyl"
"296,904,15,682,475,373,118,529,isopropyl"
"296,905,14,682,473,376,120,532,isopropyl"
"296,905,16,678,474,380,118,533,isopropyl"
"293,907,14,685,477,375,120,531,isopropyl"
"295,907,14,684,475,375,119,534,isopropyl"
"297,899,13,682,465,381,121,535,isopropyl"
"295,906,15,683,480,378,121,535,isopropyl"
"299,901,15,683,475,380,120,536,isopropyl"
"292,905,15,684,481,380,120,538,isopropyl"
"300,906,15,682,477,384,122,536,isopropyl"
"297,903,15,683,480,372,123,538,isopropyl"
"298,902,15,680,482,381,119,541,isopropyl"
"311,911,47,684,477,377,121,536,isopropyl"
"303,904,13,685,477,382,122,538,isopropyl"
"300,902,13,680,478,380,121,538,isopropyl"
"296,905,14,680,473,379,121,537,isopropyl"
"301,906,14,680,491,392,121,538,isopropyl"
"298,908,15,670,479,380,121,541,isopropyl"
"301,901,14,695,486,378,138,540,isopropyl"
"302,927,13,679,478,381,117,540,isopropyl"
"302,899,15,683,482,381,118,540,isopropyl"
"300,903,14,709,479,379,122,541,isopropyl"
"302,899,15,679,478,387,124,543,isopropyl"
"301,900,14,678,479,382,118,554,isopropyl"
"307,902,15,681,477,377,121,545,isopropyl"
"301,902,14,679,481,379,122,544,isopropyl"
"309,901,14,675,479,383,124,545,isopropyl"
"303,897,22,679,478,381,122,542,isopropyl"
"306,899,28,676,480,381,122,546,isopropyl"
"294,900,19,676,480,406,124,538,isopropyl"
"305,903,19,678,476,381,120,544,isopropyl"
"305,894,11,676,482,382,131,544,isopropyl"
"305,899,10,686,482,382,124,547,isopropyl"
"306,897,15,678,482,382,123,546,isopropyl"
"306,898,15,675,480,381,123,544,isopropyl"
"306,897,23,678,480,387,123,546,isopropyl"
"304,901,19,678,478,383,122,544,isopropyl"
"307,901,16,677,475,380,122,546,isopropyl"
"312,900,14,677,480,383,123,548,isopropyl"
"307,898,13,674,481,389,122,546,isopropyl"
"307,901,15,677,481,383,124,545,isopropyl"
"306,900,14,675,484,383,124,548,isopropyl"
"307,897,14,675,494,385,129,543,isopropyl"
"310,894,17,676,483,382,121,564,isopropyl"
"310,900,10,676,484,384,125,548,isopropyl"
"310,894,13,676,481,385,123,547,isopropyl"
"309,899,13,676,482,382,124,549,isopropyl"
"308,898,11,675,484,389,136,548,isopropyl"
"308,900,13,675,484,383,123,548,isopropyl"
"312,896,16,676,482,378,126,536,isopropyl"
"311,898,14,673,485,382,125,548,isopropyl"
"311,896,12,678,481,384,128,549,isopropyl"
"310,897,14,678,482,385,126,552,isopropyl"
"316,905,11,673,482,381,126,551,isopropyl"
"311,892,15,677,485,386,126,559,isopropyl"
"309,900,52,675,483,383,126,550,isopropyl"
"309,897,14,673,484,384,140,553,isopropyl"
"311,896,16,675,482,381,125,553,isopropyl"
"312,895,17,674,484,390,126,552,isopropyl"
"312,895,14,678,484,405,127,552,isopropyl"
"314,908,20,678,484,384,127,552,isopropyl"
"311,897,16,677,495,382,127,554,isopropyl"
"309,895,14,677,487,385,128,555,isopropyl"
"313,898,14,676,488,386,123,554,isopropyl"
"315,895,14,679,490,391,127,555,isopropyl"
"315,901,14,679,491,387,129,557,isopropyl"
"323,892,28,678,488,388,129,558,isopropyl"
"325,900,26,679,489,395,133,557,isopropyl"
"316,901,14,682,489,389,131,562,isopropyl"
"319,902,22,678,490,387,125,562,isopropyl"
"318,897,14,680,489,388,128,561,isopropyl"
"318,900,15,680,491,388,127,575,isopropyl"
"318,900,15,683,496,388,128,560,isopropyl"
"322,901,15,678,489,389,130,561,isopropyl"
"319,907,14,681,490,390,131,563,isopropyl"
"317,902,15,680,491,389,131,563,isopropyl"
"319,897,15,685,507,388,131,563,isopropyl"
"320,901,14,682,491,390,130,567,isopropyl"
"323,900,14,680,492,389,133,561,isopropyl"
"322,902,14,678,490,385,132,566,isopropyl"
"320,898,27,682,489,391,125,568,isopropyl"
"324,901,16,682,486,394,132,563,isopropyl"
"311,895,16,681,491,394,131,564,isopropyl"
"324,901,13,678,492,388,135,565,isopropyl"
"323,902,18,678,492,395,132,565,isopropyl"
"322,901,39,679,495,394,132,564,isopropyl"
"322,898,13,679,495,391,132,566,isopropyl"
"322,899,13,680,492,395,132,559,isopropyl"
"323,902,15,680,491,394,133,564,isopropyl"
"325,905,14,679,492,392,133,565,isopropyl"
"325,903,14,680,491,392,133,567,isopropyl"
"322,901,14,673,492,390,131,567,isopropyl"
"326,900,8,677,497,392,129,565,isopropyl"
"322,906,13,677,495,392,146,567,isopropyl"
"327,901,14,681,491,392,132,569,isopropyl"
"327,901,17,677,491,392,134,566,isopropyl"
"325,900,13,678,492,392,140,558,isopropyl"
"323,899,15,677,491,392,134,565,isopropyl"
"326,899,15,675,494,393,135,567,isopropyl"
"325,899,19,678,486,393,137,571,isopropyl"
"328,897,15,677,486,393,133,568,isopropyl"
"322,901,16,677,494,395,134,588,isopropyl"
"332,894,14,676,495,393,133,567,isopropyl"
"327,899,12,676,492,393,135,568,isopropyl"
"327,899,14,676,495,393,138,567,isopropyl"
"328,901,12,675,491,394,135,568,isopropyl"
"326,895,15,678,492,394,133,564,isopropyl"
"326,905,15,677,491,392,135,569,isopropyl"
"331,901,13,677,498,393,136,575,isopropyl"
"329,899,8,675,485,394,133,569,isopropyl"
"327,899,18,672,492,393,136,569,isopropyl"
"322,898,14,678,489,397,138,569,isopropyl"
"327,895,15,675,491,393,140,570,isopropyl"
"327,897,9,674,492,393,124,570,isopropyl"
"322,894,12,677,485,395,135,567,isopropyl"
"328,888,13,676,491,393,135,567,isopropyl"
"327,899,13,676,483,394,133,570,isopropyl"
"332,898,14,675,492,397,130,567,isopropyl"
"330,894,15,677,491,393,136,563,isopropyl"
"328,894,14,673,492,394,135,559,isopropyl"
"328,898,14,679,493,393,138,575,isopropyl"
"328,896,15,675,488,398,136,570,isopropyl"
"326,900,14,675,492,395,137,566,isopropyl"
"328,897,15,674,493,393,136,569,isopropyl"
"332,902,14,675,498,388,137,569,isopropyl"
"329,896,14,674,490,394,130,583,isopropyl"
"327,894,14,672,491,393,140,570,isopropyl"
"330,897,15,675,493,393,138,570,isopropyl"
"327,900,13,675,492,394,138,570,isopropyl"
"326,894,15,675,489,393,137,573,isopropyl"
"332,896,14,670,492,416,149,571,isopropyl"
"330,897,3,674,491,394,138,570,isopropyl"
"333,895,13,680,493,396,138,574,isopropyl"
"332,898,16,673,487,393,133,569,isopropyl"
"330,899,8,696,492,394,139,570,isopropyl"
"329,894,14,676,492,395,135,572,isopropyl"
"329,896,16,675,495,395,137,571,isopropyl"
"331,893,14,675,492,399,137,568,isopropyl"
"332,897,15,685,492,389,135,570,isopropyl"
"331,894,13,674,488,405,140,589,isopropyl"
"330,894,15,671,491,398,150,569,isopropyl"
"332,896,13,681,493,396,140,571,isopropyl"
"327,892,14,669,492,398,138,571,isopropyl"
"332,893,14,673,485,394,140,581,isopropyl"
"339,898,14,672,489,417,155,570,isopropyl"
"330,897,14,677,491,392,138,568,isopropyl"
"329,900,13,674,493,396,139,601,isopropyl"
"332,894,15,674,492,395,155,572,isopropyl"
"332,895,14,683,491,394,145,570,isopropyl"
"336,891,8,673,489,395,138,571,isopropyl"
"333,894,14,673,490,395,137,570,isopropyl"
"332,896,13,674,492,396,138,570,isopropyl"
"332,894,15,673,485,394,139,572,isopropyl"
"334,899,13,674,497,395,139,570,isopropyl"
"333,885,14,673,492,394,139,572,isopropyl"
"322,897,14,672,490,394,127,569,isopropyl"
"332,897,14,673,491,395,141,572,isopropyl"
"334,893,15,673,492,394,141,573,isopropyl"
"331,897,14,672,490,394,141,570,isopropyl"
"330,899,13,671,510,396,139,577,isopropyl"
"334,897,14,671,491,396,139,570,isopropyl"
"336,892,7,669,493,395,138,572,isopropyl"
"333,891,16,672,490,395,140,570,isopropyl"
"332,895,44,670,496,397,140,570,isopropyl"
"339,899,16,682,493,399,140,564,isopropyl"
"334,895,17,675,511,396,139,570,isopropyl"
"332,894,14,673,490,402,141,573,isopropyl"
"332,896,17,670,491,395,139,569,isopropyl"
"332,899,15,673,492,396,156,571,isopropyl"
"337,895,13,681,492,392,141,577,isopropyl"
"332,898,11,679,493,396,128,574,isopropyl"
"332,899,11,696,492,396,142,574,isopropyl"
"348,893,14,672,493,396,141,580,isopropyl"
"339,895,14,673,495,396,164,571,isopropyl"
"338,896,15,672,505,396,134,573,isopropyl"
"331,895,12,673,493,403,143,572,isopropyl"
"333,897,15,680,494,397,142,572,isopropyl"
"355,896,14,674,491,397,142,569,isopropyl"
"336,896,15,676,493,394,141,581,isopropyl"
"334,895,15,671,494,414,141,566,isopropyl"
"337,896,12,671,492,398,142,573,isopropyl"
"337,895,16,670,495,395,142,576,isopropyl"
"338,896,8,673,492,397,141,573,isopropyl"
"335,896,14,670,493,397,140,573,isopropyl"
"337,897,14,672,493,396,146,572,isopropyl"
"340,895,29,670,495,397,142,586,isopropyl"
"339,894,14,669,488,401,142,577,isopropyl"
"349,892,13,680,494,397,146,577,isopropyl"
"341,892,14,672,493,398,145,574,isopropyl"
"339,903,16,672,493,398,145,577,isopropyl"
"339,891,15,675,491,397,143,576,isopropyl"
"342,893,17,671,491,397,145,574,isopropyl"
"338,896,14,674,491,397,144,574,isopropyl"
"344,893,16,670,492,397,149,575,isopropyl"
"338,891,14,667,489,403,140,573,isopropyl"
"335,895,14,672,493,397,144,576,isopropyl"
"338,881,12,669,492,398,143,575,isopropyl"
"339,890,15,671,493,400,142,569,isopropyl"
"337,893,15,671,493,398,146,574,isopropyl"
"339,894,15,671,493,398,145,574,isopropyl"
"339,894,14,668,494,401,144,575,isopropyl"
"337,893,15,680,499,398,142,573,isopropyl"
"338,888,15,672,492,399,142,574,isopropyl"
"338,893,15,672,494,398,143,568,isopropyl"
"338,892,14,673,490,397,144,584,isopropyl"
"337,892,13,672,494,401,145,570,isopropyl"
"340,894,13,672,492,405,143,572,isopropyl"
"347,895,15,673,493,395,143,569,isopropyl"
"337,895,13,673,507,398,142,574,isopropyl"
"338,895,16,672,491,398,144,573,isopropyl"
"339,899,15,672,507,398,143,574,isopropyl"
"339,895,10,672,497,398,142,574,isopropyl"
"340,894,15,684,492,398,143,574,isopropyl"
"329,897,14,684,491,401,145,575,isopropyl"
"338,896,13,675,492,395,145,583,isopropyl"
"341,897,14,671,493,403,144,575,isopropyl"
"345,892,12,670,490,398,140,576,isopropyl"
"358,894,14,671,493,401,159,575,isopropyl"
"343,900,16,677,493,398,144,580,isopropyl"
"346,891,14,671,491,400,143,578,isopropyl"
"337,894,16,670,493,398,146,576,isopropyl"
"337,891,12,668,492,398,144,576,isopropyl"
"347,891,15,672,505,404,147,574,isopropyl"
"341,894,13,672,494,400,148,574,isopropyl"
"340,897,15,672,493,398,146,576,isopropyl"
"341,894,13,669,493,398,145,577,isopropyl"
"341,894,13,672,493,400,144,575,isopropyl"
"343,890,15,671,495,414,149,576,isopropyl"
"342,895,14,676,495,399,146,574,isopropyl"
"360,893,15,674,495,400,146,577,isopropyl"
"338,890,13,673,512,401,147,575,isopropyl"
"339,893,14,673,494,400,159,578,isopropyl"
"344,896,15,672,498,402,148,575,isopropyl"
"356,894,11,675,494,400,146,574,isopropyl"
"342,891,12,671,496,401,147,574,isopropyl"
"342,894,20,672,490,405,146,575,isopropyl"
"340,898,14,671,485,396,146,575,isopropyl"
"346,895,14,669,492,400,146,574,isopropyl"
"343,894,15,671,508,404,146,574,isopropyl"
"344,895,14,667,499,396,146,574,isopropyl"
"341,898,14,672,493,401,147,577,isopropyl"
"342,892,14,671,494,400,147,576,isopropyl"
"342,894,22,671,494,399,146,577,isopropyl"
"344,890,13,671,493,401,146,578,isopropyl"
"345,896,23,667,494,412,143,576,isopropyl"
"344,893,14,671,496,399,148,577,isopropyl"
"333,898,14,672,493,401,147,576,isopropyl"
"342,891,10,672,494,401,148,576,isopropyl"
"343,892,14,672,492,401,148,584,isopropyl"
"342,895,14,671,494,401,148,577,isopropyl"
"345,897,14,671,495,401,147,575,isopropyl"
"344,896,15,672,495,401,148,577,isopropyl"
"344,897,15,673,494,401,148,576,isopropyl"
"346,898,13,673,493,402,147,572,isopropyl"
"341,893,13,671,486,401,147,580,isopropyl"
"346,898,13,674,498,400,148,566,isopropyl"
"354,898,13,671,494,406,145,576,isopropyl"
"347,900,15,672,494,398,152,575,isopropyl"
"345,897,11,672,492,402,149,578,isopropyl"
"347,898,14,671,496,421,148,580,isopropyl"
"346,896,15,671,496,400,146,606,isopropyl"
"346,898,14,683,495,401,153,579,isopropyl"
"347,901,16,672,484,401,148,578,isopropyl"
"343,895,14,672,494,401,136,578,isopropyl"
"345,894,13,688,494,402,148,578,isopropyl"
"350,892,13,673,494,400,149,578,isopropyl"
"345,895,15,671,494,409,152,578,isopropyl"
"346,885,14,672,494,402,149,582,isopropyl"
"345,892,12,672,493,400,150,578,isopropyl"
"347,892,14,672,494,399,151,577,isopropyl"
"346,896,12,669,494,402,149,578,isopropyl"
"347,898,15,672,492,403,151,577,isopropyl"
"347,895,15,674,494,402,147,575,isopropyl"
"348,893,17,673,496,402,146,587,isopropyl"
"350,896,15,670,493,401,148,578,isopropyl"
"346,896,15,672,492,401,149,576,isopropyl"
"346,897,13,672,493,401,158,580,isopropyl"
"346,897,9,674,497,401,158,575,isopropyl"
"346,895,14,683,492,402,164,575,isopropyl"
"350,898,18,672,506,402,151,570,isopropyl"
"347,897,13,673,493,404,152,576,isopropyl"
"348,895,16,671,494,401,149,577,isopropyl"
"347,895,14,671,498,402,150,576,isopropyl"
"347,897,13,672,486,402,162,580,isopropyl"
"345,897,15,673,503,403,151,581,isopropyl"
"344,896,13,674,493,401,151,575,isopropyl"
"344,895,18,674,493,403,149,577,isopropyl"
"346,898,16,672,494,398,150,579,isopropyl"
"348,894,4,672,494,401,151,578,isopropyl"
"339,895,16,673,495,399,151,578,isopropyl"
"349,894,13,678,495,402,152,578,isopropyl"
"347,892,15,673,495,403,151,582,isopropyl"
"347,893,13,672,494,404,152,588,isopropyl"
"348,892,14,672,493,402,151,592,isopropyl"
"347,889,14,672,494,404,152,597,isopropyl"
"349,888,17,671,498,403,151,578,isopropyl"
"346,892,15,671,495,403,152,578,isopropyl"
"345,902,14,670,495,403,179,579,isopropyl"
"347,894,14,671,495,402,152,577,isopropyl"
"348,884,13,669,492,404,150,580,isopropyl"
"348,891,14,673,493,403,152,587,isopropyl"
"337,893,42,673,495,403,151,576,isopropyl"
"348,894,15,674,495,401,154,598,isopropyl"
"358,896,25,674,493,402,152,577,isopropyl"
"349,895,13,673,492,399,155,579,isopropyl"
"347,891,14,671,494,403,154,580,isopropyl"
"349,894,13,668,494,403,153,584,isopropyl"
"350,896,14,672,508,402,138,578,isopropyl"
"351,897,14,668,491,421,153,578,isopropyl"
"350,913,14,673,493,403,151,578,isopropyl"
"350,891,15,672,491,403,152,579,isopropyl"
"349,893,14,672,493,401,152,579,isopropyl"
"348,897,15,670,494,404,151,583,isopropyl"
"349,903,20,674,495,416,153,580,isopropyl"
"356,894,17,667,494,403,152,577,isopropyl"
"348,894,26,674,495,404,153,582,isopropyl"
"349,893,14,687,493,402,154,583,isopropyl"
"350,895,15,679,493,405,152,578,isopropyl"
"349,899,11,671,495,400,151,579,isopropyl"
"349,893,14,673,509,403,154,580,isopropyl"
"347,892,15,674,494,405,154,578,isopropyl"
"347,896,19,673,494,400,154,579,isopropyl"
"350,897,14,675,496,403,151,578,isopropyl"
"349,896,14,674,496,404,149,581,isopropyl"
"350,895,12,674,497,404,153,579,isopropyl"
"350,893,14,674,484,402,155,577,isopropyl"
"365,897,14,674,494,404,154,581,isopropyl"
"351,895,39,672,496,405,154,580,isopropyl"
"354,896,14,672,514,404,154,578,isopropyl"
"350,893,15,672,495,404,154,579,isopropyl"
"353,893,7,673,499,401,154,580,isopropyl"
"349,894,14,669,496,403,155,580,isopropyl"
"352,895,14,673,492,401,158,580,isopropyl"
"352,898,13,674,495,403,154,581,isopropyl"
"351,895,5,674,495,405,154,581,isopropyl"
"354,896,15,673,494,403,174,584,isopropyl"
"355,897,14,663,496,406,155,580,isopropyl"
"353,893,25,671,498,404,152,583,isopropyl"
"348,899,28,677,495,404,155,580,isopropyl"
"353,896,14,673,496,402,159,580,isopropyl"
"352,898,14,677,497,404,155,582,isopropyl"
"352,889,14,675,487,406,160,582,isopropyl"
"353,894,13,674,499,405,161,582,isopropyl"
"356,899,14,681,493,404,155,583,isopropyl"
"353,906,15,675,492,405,155,579,isopropyl"
"350,898,17,669,492,406,155,580,isopropyl"
"345,895,15,675,494,405,147,581,isopropyl"
"353,898,14,676,495,405,155,581,isopropyl"
"353,891,15,675,496,406,156,583,isopropyl"
"352,894,19,687,495,404,155,574,isopropyl"
"349,908,13,674,486,404,156,581,isopropyl"
"350,898,14,670,490,405,161,581,isopropyl"
"362,891,14,674,487,407,156,598,isopropyl"
"348,897,15,672,498,406,158,581,isopropyl"
"360,896,13,673,492,405,160,580,isopropyl"
"349,896,14,679,507,400,158,580,isopropyl"
"351,895,15,672,492,406,156,592,isopropyl"
"353,894,10,674,495,410,156,581,isopropyl"
"353,894,14,677,496,404,157,585,isopropyl"
"354,895,17,672,491,404,148,581,isopropyl"
"352,896,16,671,494,401,158,586,isopropyl"
"353,895,14,673,493,405,156,583,isopropyl"
"355,894,13,671,492,404,158,584,isopropyl"
"353,896,13,672,487,405,157,581,isopropyl"
"355,896,15,683,493,405,157,578,isopropyl"
"352,898,14,672,494,405,155,580,isopropyl"
"352,898,15,675,488,404,158,580,isopropyl"
"351,897,14,672,494,404,157,580,isopropyl"
"354,896,15,672,492,405,156,580,isopropyl"
"353,892,13,669,500,406,156,579,isopropyl"
"357,893,12,674,496,406,158,579,isopropyl"
"352,897,13,672,495,406,187,577,isopropyl"
"354,893,14,674,495,410,157,580,isopropyl"
"353,895,12,673,498,405,158,577,isopropyl"
"350,896,14,671,495,405,162,581,isopropyl"
"353,895,17,671,493,405,156,580,isopropyl"
"349,895,15,670,493,401,154,602,isopropyl"
"355,895,18,671,494,405,157,581,isopropyl"
"354,896,14,672,487,404,155,577,isopropyl"
"355,896,9,695,494,405,157,581,isopropyl"
"353,892,14,674,492,404,159,580,isopropyl"
"354,894,15,674,493,406,158,581,isopropyl"
"352,904,11,672,495,405,157,580,isopropyl"
"357,895,13,672,495,404,163,580,isopropyl"
"353,896,14,673,495,404,156,581,isopropyl"
"354,895,12,668,496,406,158,580,isopropyl"
"353,891,15,673,496,405,164,582,isopropyl"
"371,895,15,671,497,410,159,581,isopropyl"
"360,893,11,671,497,406,158,579,isopropyl"
"354,892,16,674,494,411,158,580,isopropyl"
"355,895,16,672,504,406,158,595,isopropyl"
"353,893,14,672,495,405,161,602,isopropyl"
"355,894,14,689,495,405,159,580,isopropyl"
"356,894,15,672,493,405,157,581,isopropyl"
"356,896,13,676,494,417,158,581,isopropyl"
"356,897,14,672,494,407,159,576,isopropyl"
"355,896,17,673,488,406,157,579,isopropyl"
"357,895,16,671,494,406,160,581,isopropyl"
"354,897,13,676,495,409,158,576,isopropyl"
"355,897,9,674,493,407,158,578,isopropyl"
"352,896,15,675,494,405,181,575,isopropyl"
"353,893,14,672,497,404,159,582,isopropyl"
"357,896,17,669,494,407,158,580,isopropyl"
"355,894,14,674,493,406,160,580,isopropyl"
"353,894,14,678,495,407,159,579,isopropyl"
"357,896,14,673,496,404,159,581,isopropyl"
"376,898,14,673,495,405,157,582,isopropyl"
"356,893,15,673,501,407,159,579,isopropyl"
"361,891,14,673,495,402,171,582,isopropyl"
"356,894,13,671,487,406,160,582,isopropyl"
"354,892,14,672,494,404,162,582,isopropyl"
"355,895,13,674,494,405,160,582,isopropyl"
"356,893,13,674,495,406,156,583,isopropyl"
"358,896,12,671,497,407,159,581,isopropyl"
"357,898,53,675,495,408,159,581,isopropyl"
"355,894,15,673,499,407,160,582,isopropyl"
"356,896,14,672,493,407,164,581,isopropyl"
"380,897,13,673,493,406,155,582,isopropyl"
"357,897,15,672,494,407,148,584,isopropyl"
"359,897,13,672,494,411,159,583,isopropyl"
"356,894,13,672,495,405,161,580,isopropyl"
"368,917,13,675,495,405,160,580,isopropyl"
"365,899,14,679,506,406,160,580,isopropyl"
"356,896,15,673,493,401,161,585,isopropyl"
"362,898,14,671,494,405,163,584,isopropyl"
"355,904,20,673,494,405,161,580,isopropyl"
"354,895,14,674,499,406,160,580,isopropyl"
"355,898,12,676,494,406,171,577,isopropyl"
"356,894,16,675,495,406,160,580,isopropyl"
"357,895,17,676,494,408,171,580,isopropyl"
"354,892,13,672,491,405,159,577,isopropyl"
"361,897,15,674,495,407,186,580,isopropyl"
"355,894,15,672,495,405,160,580,isopropyl"
"356,895,14,676,491,413,160,580,isopropyl"
"359,890,13,668,495,402,147,580,isopropyl"
"357,895,13,675,494,407,160,580,isopropyl"
"364,894,16,673,496,411,160,581,isopropyl"
"346,897,14,672,493,404,160,581,isopropyl"
"357,893,15,673,497,405,160,579,isopropyl"
"355,892,15,671,496,407,163,578,isopropyl"
"359,894,14,676,494,407,163,581,isopropyl"
"355,893,14,672,495,406,160,581,isopropyl"
"358,894,13,672,495,409,166,590,isopropyl"
"355,896,14,673,493,405,160,581,isopropyl"
"359,892,14,672,494,415,161,579,isopropyl"
"354,890,14,672,494,406,161,582,isopropyl"
"357,895,15,669,491,407,161,573,isopropyl"
"358,896,13,670,493,406,160,585,isopropyl"
"358,893,14,673,507,405,161,581,isopropyl"
"354,898,14,678,483,406,160,576,isopropyl"
"357,894,13,672,495,405,162,579,isopropyl"
"354,895,14,672,494,406,162,575,isopropyl"
"355,898,17,672,494,404,160,577,isopropyl"
"353,896,14,673,493,406,164,583,isopropyl"
"353,889,14,672,493,406,161,579,isopropyl"
"355,892,23,671,494,406,158,578,isopropyl"
"355,896,14,667,488,406,160,578,isopropyl"
"353,891,13,673,493,406,161,577,isopropyl"
"354,892,14,670,494,408,161,594,isopropyl"
"354,892,15,671,493,405,162,578,isopropyl"
"353,895,14,668,492,406,166,580,isopropyl"
"355,893,18,672,492,407,163,578,isopropyl"
"356,890,24,670,492,403,163,578,isopropyl"
"354,894,14,664,494,406,159,577,isopropyl"
"356,895,14,678,492,406,162,579,isopropyl"
"355,882,13,665,492,404,160,577,isopropyl"
"355,894,15,670,493,404,161,579,isopropyl"
"353,892,14,670,511,410,161,577,isopropyl"
"355,890,9,687,490,407,160,576,isopropyl"
"357,894,13,673,492,405,150,578,isopropyl"
"353,893,14,671,492,406,160,577,isopropyl"
"353,893,14,671,490,405,161,576,isopropyl"
"355,897,12,671,495,406,163,607,isopropyl"
"357,893,13,672,493,404,186,578,isopropyl"
"356,893,13,672,490,405,160,577,isopropyl"
"356,890,16,672,497,406,159,576,isopropyl"
"357,893,13,670,495,407,175,578,isopropyl"
"356,890,13,675,493,407,161,577,isopropyl"
"358,892,13,673,493,406,162,578,isopropyl"
"357,899,14,678,493,405,164,580,isopropyl"
"356,892,14,675,495,410,164,580,isopropyl"
"367,894,13,673,503,408,175,576,isopropyl"
"356,898,14,672,496,407,161,580,isopropyl"
"355,887,8,674,490,406,162,580,isopropyl"
"358,894,14,669,495,405,163,573,isopropyl"
"356,890,10,671,493,409,163,575,isopropyl"
"363,892,12,673,496,406,163,580,isopropyl"
"362,894,13,672,494,403,165,579,isopropyl"
"357,892,14,672,496,406,163,580,isopropyl"
"357,892,13,670,493,406,164,579,isopropyl"
"355,893,13,666,494,405,164,579,isopropyl"
"356,894,18,671,492,422,164,587,isopropyl"
"359,897,14,667,492,406,167,580,isopropyl"
"355,894,8,671,492,405,158,580,isopropyl"
"356,892,13,670,494,405,160,579,isopropyl"
"357,893,15,671,494,406,163,580,isopropyl"
"362,891,11,673,501,406,161,578,isopropyl"
"358,892,6,672,495,406,164,582,isopropyl"
"354,891,14,672,493,408,163,580,isopropyl"
"357,894,15,672,491,406,162,593,isopropyl"
"360,894,12,670,496,406,158,585,isopropyl"
"356,896,8,672,494,403,164,579,isopropyl"
"357,895,14,674,508,402,163,580,isopropyl"
"357,895,6,673,494,401,164,578,isopropyl"
"357,896,13,676,494,406,168,578,isopropyl"
"357,893,13,673,494,410,177,580,isopropyl"
"355,895,14,674,509,405,164,579,isopropyl"
"358,888,14,677,504,407,164,588,isopropyl"
"358,895,15,672,496,407,164,567,isopropyl"
"357,903,14,673,494,408,163,572,isopropyl"
"358,892,13,673,492,407,165,580,isopropyl"
"359,894,14,671,495,407,164,580,isopropyl"
"358,893,13,673,494,406,165,587,isopropyl"
"357,894,14,675,495,406,164,582,isopropyl"
"358,895,14,675,492,410,161,580,isopropyl"
"357,894,14,677,484,407,165,581,isopropyl"
"360,892,15,675,494,404,164,585,isopropyl"
"359,896,14,674,492,407,164,608,isopropyl"
"361,896,13,676,495,407,165,591,isopropyl"
"357,896,12,677,495,418,165,581,isopropyl"
"360,895,13,673,495,408,164,582,isopropyl"
"358,898,16,674,495,407,165,580,isopropyl"
"347,896,14,676,510,407,165,580,isopropyl"
"360,894,14,685,500,413,163,580,isopropyl"
"359,894,13,677,493,407,162,582,isopropyl"
"362,891,14,675,498,403,164,577,isopropyl"
"359,893,13,677,496,408,176,583,isopropyl"
"358,892,13,674,496,411,166,586,isopropyl"
"360,896,12,676,496,408,165,581,isopropyl"
"361,895,14,674,498,408,169,581,isopropyl"
"360,893,15,674,494,403,161,581,isopropyl"
"361,896,15,674,497,407,167,598,isopropyl"
"360,899,10,670,487,408,167,583,isopropyl"
"357,897,14,671,495,407,167,582,isopropyl"
"356,897,13,675,499,407,167,583,isopropyl"
"359,890,13,673,494,406,167,583,isopropyl"
"357,898,14,673,489,407,156,582,isopropyl"
"358,901,13,674,494,409,160,581,isopropyl"
"358,898,13,670,496,406,165,580,isopropyl"
"360,917,14,673,495,407,166,590,isopropyl"
"358,896,15,675,495,406,166,580,isopropyl"
"358,897,14,671,495,405,166,580,isopropyl"
"361,897,14,677,495,407,167,581,isopropyl"
"360,894,14,675,494,406,165,580,isopropyl"
"360,900,14,673,497,427,168,581,isopropyl"
"361,896,15,679,495,408,166,582,isopropyl"
"361,894,12,677,496,411,167,585,isopropyl"
"370,897,13,674,496,415,167,582,isopropyl"
"356,902,14,674,502,408,169,580,isopropyl"
"365,900,14,675,496,408,180,583,isopropyl"
"362,897,11,674,495,407,162,583,isopropyl"
"359,896,14,678,494,408,168,582,isopropyl"
"357,898,14,672,498,409,168,594,isopropyl"
"360,899,14,675,494,406,167,582,isopropyl"
"364,898,14,677,496,408,166,582,isopropyl"
"362,899,15,676,495,408,167,572,isopropyl"
"362,892,14,675,496,409,167,581,isopropyl"
"364,899,13,673,508,408,166,583,isopropyl"
"358,900,35,680,496,408,167,586,isopropyl"
"361,895,22,666,496,409,169,583,isopropyl"
"362,898,14,676,498,430,167,589,isopropyl"
"361,898,16,677,497,408,168,583,isopropyl"
"359,896,39,678,497,407,168,582,isopropyl"
"360,897,13,682,497,412,169,582,isopropyl"
"361,891,15,678,496,409,168,584,isopropyl"
"361,883,14,674,497,408,167,581,isopropyl"
"363,897,13,675,498,409,168,584,isopropyl"
"362,892,14,676,495,408,168,590,isopropyl"
"361,894,5,675,496,407,169,586,isopropyl"
"361,896,13,677,496,409,168,584,isopropyl"
"362,898,14,678,497,408,171,588,isopropyl"
"363,898,11,678,515,408,174,585,isopropyl"
"361,897,13,675,496,409,169,584,isopropyl"
"363,896,14,677,502,408,168,578,isopropyl"
"361,895,15,685,497,406,169,582,isopropyl"
"362,899,15,678,498,406,168,582,isopropyl"
"364,896,14,682,497,408,169,582,isopropyl"
"361,918,15,681,496,408,174,583,isopropyl"
"362,896,14,679,497,408,170,582,isopropyl"
"358,897,15,679,498,404,170,582,isopropyl"
"366,896,14,678,497,408,169,585,isopropyl"
"361,897,14,677,498,408,169,584,isopropyl"
"365,896,14,678,497,408,164,585,isopropyl"
"364,897,13,678,499,410,169,584,isopropyl"
"359,899,15,678,497,405,171,584,isopropyl"
"363,898,14,674,497,409,193,584,isopropyl"
"364,899,14,678,497,413,169,583,isopropyl"
"365,898,14,674,500,409,154,582,isopropyl"
"362,902,14,679,497,409,169,588,isopropyl"
"364,895,9,681,497,409,168,585,isopropyl"
"360,896,15,677,499,407,170,583,isopropyl"
"362,892,13,678,499,409,170,592,isopropyl"
"363,894,21,678,497,407,169,580,isopropyl"
"363,901,39,676,500,409,171,584,isopropyl"
"370,898,14,677,502,408,168,581,isopropyl"
"362,892,12,677,496,406,170,584,isopropyl"
"360,915,13,673,496,408,174,590,isopropyl"
"363,897,14,676,496,409,166,582,isopropyl"
"365,898,14,675,498,409,170,584,isopropyl"
"361,896,15,677,496,407,170,582,isopropyl"
"359,897,14,692,494,428,169,582,isopropyl"
"363,892,16,675,498,408,170,583,isopropyl"
"363,897,14,678,493,408,169,588,isopropyl"
"362,899,13,678,497,409,169,585,isopropyl"
"369,896,22,678,497,413,181,582,isopropyl"
"366,897,18,676,495,408,165,582,isopropyl"
"366,896,14,676,497,410,170,585,isopropyl"
"364,893,6,677,497,409,169,583,isopropyl"
"363,896,12,676,494,410,169,616,isopropyl"
"366,899,17,677,496,408,171,585,isopropyl"
"363,898,15,677,489,409,169,582,isopropyl"
"371,897,14,682,497,408,170,583,isopropyl"
"364,900,16,678,497,409,171,583,isopropyl"
"363,903,13,676,514,409,171,581,isopropyl"
"359,899,15,676,497,409,170,581,isopropyl"
"363,899,15,673,497,407,171,581,isopropyl"
"364,905,15,679,495,409,166,581,isopropyl"
"369,896,15,679,500,407,171,585,isopropyl"
"363,896,17,677,497,408,169,578,isopropyl"
"363,895,13,677,499,408,171,583,isopropyl"
"361,895,15,679,498,409,191,583,isopropyl"
"362,898,15,677,497,409,171,596,isopropyl"
"368,895,13,677,496,409,173,583,isopropyl"
"361,894,29,676,496,409,172,583,isopropyl"
"365,894,14,675,496,408,171,594,isopropyl"
"365,894,14,677,497,421,171,577,isopropyl"
"362,901,14,671,496,408,170,584,isopropyl"
"364,894,5,676,498,407,171,584,isopropyl"
"364,898,14,690,490,408,171,581,isopropyl"
"364,900,14,678,502,408,171,580,isopropyl"
"364,906,16,676,496,406,172,584,isopropyl"
"363,896,14,676,495,410,171,582,isopropyl"
"364,899,12,677,497,409,173,583,isopropyl"
"365,896,14,676,496,406,172,582,isopropyl"
"363,896,14,678,496,406,174,577,isopropyl"
"366,896,26,678,500,409,168,587,isopropyl"
"361,897,14,679,496,408,170,582,isopropyl"
"361,896,14,679,498,414,172,580,isopropyl"
"364,897,14,676,497,410,180,582,isopropyl"
"364,897,11,677,494,409,170,581,isopropyl"
"366,897,9,685,497,410,173,582,isopropyl"
"361,897,14,681,498,405,184,584,isopropyl"
"363,898,14,682,498,407,172,583,isopropyl"
"365,897,13,678,496,409,171,583,isopropyl"
"365,896,14,677,510,420,172,583,isopropyl"
"370,896,14,679,499,410,171,582,isopropyl"
"365,896,15,679,495,410,171,583,isopropyl"
"365,899,12,680,496,409,172,583,isopropyl"
"364,900,8,680,496,409,172,582,isopropyl"
"382,897,16,681,498,414,172,586,isopropyl"
"361,895,13,678,497,412,173,583,isopropyl"
"363,897,5,679,495,407,171,582,isopropyl"
"364,908,14,681,498,405,174,580,isopropyl"
"359,892,12,679,490,409,172,579,isopropyl"
"362,894,14,677,496,410,172,600,isopropyl"
"363,896,12,679,498,408,172,581,isopropyl"
"365,895,27,679,493,406,173,592,isopropyl"
"365,893,14,676,486,409,167,585,isopropyl"
"365,895,18,675,497,410,172,587,isopropyl"
"364,895,4,676,498,414,172,584,isopropyl"
"364,898,3,676,496,416,172,581,isopropyl"
"376,895,11,674,495,409,172,582,isopropyl"
"363,924,14,676,495,408,172,583,isopropyl"
"364,895,14,676,496,409,172,579,isopropyl"
"365,897,14,674,495,405,198,581,isopropyl"
"363,898,14,675,497,410,172,581,isopropyl"
"363,897,13,677,490,408,174,579,isopropyl"
"360,897,15,676,497,410,175,583,isopropyl"
"365,896,14,676,497,408,170,584,isopropyl"
"363,896,14,674,497,408,173,580,isopropyl"
"364,893,19,678,507,408,173,582,isopropyl"
"362,894,14,679,494,409,193,582,isopropyl"
"363,895,34,676,496,409,173,584,isopropyl"
"362,895,14,677,497,411,177,580,isopropyl"
"364,889,14,679,497,414,172,583,isopropyl"
"362,894,13,679,496,411,175,611,isopropyl"
"367,897,14,676,496,406,172,582,isopropyl"
"362,896,13,677,496,409,175,584,isopropyl"
"364,893,14,675,495,408,172,582,isopropyl"
"364,896,15,683,505,406,155,582,isopropyl"
"364,894,14,668,496,408,169,581,isopropyl"
"366,901,16,676,495,408,180,584,isopropyl"
"359,903,13,679,498,408,176,582,isopropyl"
"361,894,8,677,496,404,175,581,isopropyl"
"363,891,14,677,499,406,173,581,isopropyl"
"364,893,14,679,497,408,167,575,isopropyl"
"364,893,13,676,496,409,173,586,isopropyl"
"363,910,14,676,497,408,173,582,isopropyl"
"361,891,13,675,498,409,173,578,isopropyl"
"366,895,14,690,502,409,174,582,isopropyl"
"366,895,7,674,493,410,178,583,isopropyl"
"360,895,21,667,491,409,172,603,isopropyl"
"364,895,15,676,496,408,174,581,isopropyl"
"366,894,13,679,498,408,173,583,isopropyl"
"364,893,7,681,497,408,173,583,isopropyl"
"363,895,13,674,500,408,173,584,isopropyl"
"366,897,13,676,518,403,173,581,isopropyl"
"364,901,14,682,496,406,171,581,isopropyl"
"365,896,13,678,496,408,173,580,isopropyl"
"367,900,14,677,495,404,178,584,isopropyl"
"364,896,14,678,507,410,174,582,isopropyl"
"363,896,15,676,516,407,177,581,isopropyl"
"365,894,14,678,496,409,170,582,isopropyl"
"364,897,15,679,495,408,178,583,isopropyl"
"367,895,15,678,496,408,173,578,isopropyl"
"364,895,13,677,497,409,174,581,isopropyl"
"364,896,14,678,496,408,174,580,isopropyl"
"365,896,14,677,495,410,173,582,isopropyl"
"362,892,14,679,496,403,176,582,isopropyl"
"364,893,14,674,507,408,180,582,isopropyl"
"362,895,14,676,497,408,176,582,isopropyl"
"366,921,14,678,497,407,175,582,isopropyl"
"364,895,13,678,499,408,170,583,isopropyl"
"366,894,14,677,493,411,195,584,isopropyl"
"368,895,26,678,496,408,175,583,isopropyl"
"365,897,13,679,494,408,175,585,isopropyl"
"365,895,15,674,496,407,176,582,isopropyl"
"366,895,13,677,503,405,174,579,isopropyl"
"365,897,13,680,498,409,173,580,isopropyl"
"365,898,15,677,492,409,175,581,isopropyl"
"367,896,27,678,498,408,172,581,isopropyl"
"366,896,14,679,496,410,175,580,isopropyl"
"367,898,13,679,497,411,175,576,isopropyl"
"366,895,16,680,497,410,176,586,isopropyl"
"365,896,15,678,495,408,178,581,isopropyl"
"364,894,15,679,490,408,164,582,isopropyl"
"365,896,14,676,497,413,174,583,isopropyl"
"366,893,15,680,496,406,175,581,isopropyl"
"366,904,15,675,497,409,172,585,isopropyl"
"364,912,13,678,497,408,180,581,isopropyl"
"368,896,9,676,495,410,180,583,isopropyl"
"363,903,15,675,496,409,175,582,isopropyl"
"365,893,14,678,497,412,178,582,isopropyl"
"368,895,12,676,494,408,176,582,isopropyl"
"365,896,12,678,495,409,175,585,isopropyl"
"365,887,14,681,499,411,175,586,isopropyl"
"361,896,9,680,498,409,172,582,isopropyl"
"372,899,14,677,496,405,176,581,isopropyl"
"366,896,17,678,504,408,173,581,isopropyl"
"365,900,13,679,496,413,175,583,isopropyl"
"365,895,14,678,496,408,179,582,isopropyl"
"363,897,16,679,500,408,177,583,isopropyl"
"366,897,16,679,498,408,176,581,isopropyl"
"366,895,13,679,497,399,177,582,isopropyl"
"366,897,14,678,497,408,174,582,isopropyl"
"369,907,15,678,497,409,178,580,isopropyl"
"361,892,14,679,498,410,169,582,isopropyl"
"364,895,14,673,502,426,174,581,isopropyl"
"366,894,14,678,507,409,176,582,isopropyl"
"366,894,9,677,491,409,158,583,isopropyl"
"368,896,15,674,492,414,179,584,isopropyl"
"367,896,14,684,495,408,177,570,isopropyl"
"368,899,14,674,495,408,175,583,isopropyl"
"370,899,14,681,496,410,177,583,isopropyl"
"366,897,14,679,498,408,177,583,isopropyl"
"366,895,13,678,499,408,175,583,isopropyl"
"368,894,28,679,497,411,176,582,isopropyl"
"363,896,14,680,498,408,177,581,isopropyl"
"368,900,14,683,501,405,175,582,isopropyl"
"367,900,14,680,495,408,177,582,isopropyl"
"369,897,13,678,500,423,175,583,isopropyl"
"367,897,13,677,494,408,176,581,isopropyl"
"364,899,14,679,498,409,177,579,isopropyl"
"384,896,14,679,503,409,181,577,isopropyl"
"363,895,12,678,497,408,177,581,isopropyl"
"363,894,12,681,498,407,176,580,isopropyl"
"367,895,17,681,497,408,177,581,isopropyl"
"366,905,14,679,499,408,177,577,isopropyl"
"363,897,14,682,499,409,176,580,isopropyl"
"366,898,15,679,500,409,177,578,isopropyl"
"367,895,9,677,498,409,176,582,isopropyl"
"363,889,26,678,496,408,173,584,isopropyl"
"365,895,16,677,500,409,175,582,isopropyl"
"367,892,13,675,496,409,177,586,isopropyl"
"366,893,16,671,508,409,177,583,isopropyl"
"367,893,14,677,509,405,180,582,isopropyl"
"364,893,13,683,500,409,180,588,isopropyl"
"367,895,16,677,497,408,178,587,isopropyl"
"365,899,10,676,492,408,178,582,isopropyl"
"367,896,5,675,494,410,176,582,isopropyl"
"368,893,14,677,496,408,176,582,isopropyl"
"365,898,12,677,496,409,177,590,isopropyl"
"364,897,13,677,515,408,177,581,isopropyl"
"366,893,14,677,497,411,180,582,isopropyl"
"362,898,14,684,497,406,178,582,isopropyl"
"368,898,16,679,496,406,177,580,isopropyl"
"353,891,14,697,487,408,177,581,isopropyl"
"372,894,16,676,502,408,177,582,isopropyl"
"364,897,17,680,502,407,176,580,isopropyl"
"366,894,12,677,497,409,192,581,isopropyl"
"366,896,15,678,498,405,178,581,isopropyl"
"366,896,13,679,501,408,180,580,isopropyl"
"365,893,14,679,491,409,175,582,isopropyl"
"364,896,17,676,494,407,177,581,isopropyl"
"364,892,11,678,497,421,178,578,isopropyl"
"370,895,5,678,494,408,187,580,isopropyl"
"367,894,13,677,496,430,179,582,isopropyl"
"369,897,14,677,499,408,177,582,isopropyl"
"363,895,14,680,496,405,178,584,isopropyl"
"362,898,13,679,497,407,178,580,isopropyl"
"363,887,14,679,498,410,177,581,isopropyl"
"365,897,14,676,496,408,176,582,isopropyl"
"367,894,13,681,495,421,178,583,isopropyl"
"365,896,17,680,497,410,164,582,isopropyl"
"374,894,13,679,501,409,178,582,isopropyl"
"380,895,12,680,498,409,183,581,isopropyl"
"365,886,15,677,498,409,180,582,isopropyl"
"369,893,13,678,498,409,184,582,isopropyl"
"366,893,13,678,497,407,179,582,isopropyl"
"368,894,13,679,496,420,177,580,isopropyl"
"356,895,14,680,497,408,177,582,isopropyl"
"366,896,13,681,498,409,193,581,isopropyl"
"362,899,14,678,496,407,178,581,isopropyl"
"372,899,18,679,497,407,181,591,isopropyl"
"367,896,13,667,496,427,178,580,isopropyl"
"366,899,15,679,496,410,178,586,isopropyl"
"367,897,16,679,498,408,176,576,isopropyl"
"368,895,16,679,497,408,178,581,isopropyl"
"365,896,15,678,497,405,178,580,isopropyl"
"365,892,14,689,498,413,183,613,isopropyl"
"378,895,14,679,518,404,187,576,isopropyl"
"367,894,14,676,512,408,178,582,isopropyl"
"377,896,14,679,497,408,178,584,isopropyl"
"365,894,14,684,496,408,183,586,isopropyl"
"367,895,15,679,496,409,178,581,isopropyl"
"365,895,7,678,496,415,175,581,isopropyl"
"368,893,14,680,508,408,194,608,isopropyl"
"367,892,16,678,501,403,178,579,isopropyl"
"366,896,13,680,497,409,179,579,isopropyl"
"371,894,27,678,500,409,176,586,isopropyl"
"366,894,16,680,497,409,187,579,isopropyl"
"367,889,14,676,498,410,178,582,isopropyl"
"378,896,12,676,497,408,178,577,isopropyl"
"366,893,13,679,500,408,180,577,isopropyl"
"373,896,15,677,497,404,179,583,isopropyl"
"366,895,9,677,492,407,178,580,isopropyl"
"370,897,9,677,498,407,179,576,isopropyl"
"372,894,12,680,496,408,171,577,isopropyl"
"366,896,14,677,499,412,180,580,isopropyl"
"370,899,24,680,497,409,180,578,isopropyl"
"365,894,14,678,497,412,179,579,isopropyl"
"368,893,11,678,490,412,179,580,isopropyl"
"366,890,15,676,496,408,178,581,isopropyl"
"368,892,14,680,487,408,181,583,isopropyl"
"365,894,14,678,492,408,179,580,isopropyl"
"366,893,14,677,497,406,178,584,isopropyl"
"366,893,14,680,495,409,178,580,isopropyl"
"366,895,13,678,497,408,179,581,isopropyl"
"364,894,8,678,497,412,179,584,isopropyl"
"367,902,14,679,495,412,179,580,isopropyl"
"366,893,13,676,496,408,192,591,isopropyl"
"367,892,13,676,496,408,182,582,isopropyl"
"378,894,13,689,490,413,181,580,isopropyl"
"367,921,14,677,496,409,180,581,isopropyl"
"367,909,14,679,496,408,179,578,isopropyl"
"368,892,13,677,498,408,179,579,isopropyl"
"367,893,14,678,499,409,179,578,isopropyl"
"365,894,16,681,494,409,180,582,isopropyl"
"366,883,14,675,501,408,177,580,isopropyl"
"367,894,12,676,494,412,179,580,isopropyl"
"368,894,14,677,495,409,180,578,isopropyl"
"368,897,14,678,487,408,178,578,isopropyl"
"362,895,14,677,495,408,182,579,isopropyl"
"368,889,13,678,495,408,182,579,isopropyl"
"364,893,18,679,500,410,180,578,isopropyl"
"367,894,14,678,496,409,180,583,isopropyl"
"367,890,21,671,497,409,179,586,isopropyl"
"384,897,14,675,496,407,179,579,isopropyl"
"368,893,14,676,497,408,180,583,isopropyl"
"366,899,16,677,498,407,178,577,isopropyl"
"366,892,14,685,496,414,179,576,isopropyl"
"366,897,24,679,497,408,179,577,isopropyl"
"368,893,16,677,496,407,179,571,isopropyl"
"364,895,13,677,496,408,179,582,isopropyl"
"367,890,14,688,500,413,180,577,isopropyl"
"360,895,14,675,493,409,200,578,isopropyl"
"367,896,16,676,496,407,179,580,isopropyl"
"368,893,15,676,497,409,181,579,isopropyl"
"367,893,14,678,496,406,180,579,isopropyl"
"365,893,14,677,492,412,180,580,isopropyl"
"369,893,14,669,498,408,181,579,isopropyl"
"366,899,10,677,497,406,180,582,isopropyl"
"368,894,12,676,496,407,179,582,isopropyl"
"367,890,14,676,489,409,178,578,isopropyl"
"369,898,27,673,499,408,180,577,isopropyl"
"365,894,29,677,495,407,179,582,isopropyl"
"367,894,15,678,497,410,173,572,isopropyl"
"367,893,14,678,515,408,180,580,isopropyl"
"362,894,14,673,497,408,180,579,isopropyl"
"367,884,13,668,497,409,179,582,isopropyl"
"367,896,13,677,495,408,180,581,isopropyl"
"368,896,15,672,496,408,181,579,isopropyl"
"374,894,11,680,497,409,181,587,isopropyl"
"368,894,13,678,492,409,181,577,isopropyl"
"367,891,12,677,494,408,181,580,isopropyl"
"367,894,14,671,496,409,181,579,isopropyl"
"368,893,8,677,496,408,186,574,isopropyl"
"366,891,14,677,495,407,180,577,isopropyl"
"369,895,14,679,496,407,182,578,isopropyl"
"367,893,13,678,497,409,162,577,isopropyl"
"368,893,11,688,498,413,180,577,isopropyl"
"367,893,14,678,505,409,175,595,isopropyl"
"367,894,12,676,497,408,181,579,isopropyl"
"369,897,15,679,500,407,181,579,isopropyl"
"370,894,14,676,496,408,192,573,isopropyl"
"366,892,15,674,495,409,181,578,isopropyl"
"368,894,14,672,509,408,181,583,isopropyl"
"367,890,14,678,496,409,192,579,isopropyl"
"366,893,14,675,498,406,181,570,isopropyl"
"366,893,13,676,500,408,192,584,isopropyl"
"365,893,14,669,495,408,181,577,isopropyl"
"366,894,11,677,492,408,187,580,isopropyl"
"369,896,13,675,495,409,180,581,isopropyl"
"367,895,14,678,497,410,181,580,isopropyl"
"368,895,14,679,497,408,181,581,isopropyl"
"365,893,14,680,497,412,181,585,isopropyl"
"367,895,10,679,498,411,180,578,isopropyl"
"368,907,15,678,497,410,188,578,isopropyl"
"369,912,13,679,497,409,181,580,isopropyl"
"369,890,14,676,499,408,181,606,isopropyl"
"368,895,14,678,496,407,182,582,isopropyl"
"366,896,12,676,495,410,182,578,isopropyl"
"369,893,14,683,496,410,181,582,isopropyl"
"367,893,13,678,507,410,181,578,isopropyl"
"370,918,14,677,494,405,175,584,isopropyl"
"366,894,14,677,496,410,172,580,isopropyl"
"369,893,16,678,500,408,180,580,isopropyl"
"370,894,14,675,496,408,180,589,isopropyl"
"370,903,13,678,507,408,181,580,isopropyl"
"368,899,15,679,500,409,181,577,isopropyl"
"372,893,13,679,497,408,182,578,isopropyl"
"370,915,14,668,497,409,181,573,isopropyl"
"368,897,14,680,496,409,188,578,isopropyl"
"369,893,14,678,505,410,183,580,isopropyl"
"370,894,14,677,496,411,182,581,isopropyl"
"371,897,14,679,496,415,182,580,isopropyl"
"366,898,14,678,501,410,180,580,isopropyl"
"370,891,14,678,496,412,170,581,isopropyl"
"368,885,13,680,496,409,184,578,isopropyl"
"368,895,13,679,499,411,182,580,isopropyl"
"368,894,14,678,500,410,180,580,isopropyl"
"359,895,9,676,498,410,182,581,isopropyl"
"368,897,14,678,490,409,183,582,isopropyl"
"370,896,13,677,497,408,183,582,isopropyl"
"372,896,15,678,508,409,182,582,isopropyl"
"370,896,14,688,497,409,182,581,isopropyl"
"370,898,14,680,499,408,182,582,isopropyl"
"373,895,15,677,491,409,183,574,isopropyl"
"370,897,12,679,497,414,183,583,isopropyl"
"372,900,15,690,498,412,184,602,isopropyl"
"366,898,14,677,500,408,184,577,isopropyl"
"376,900,14,679,511,410,181,580,isopropyl"
"373,897,14,677,498,410,190,581,isopropyl"
"370,904,13,680,497,410,185,579,isopropyl"
"371,896,13,697,498,409,184,581,isopropyl"
"369,895,14,680,497,411,185,581,isopropyl"
"370,905,14,679,497,411,184,581,isopropyl"
"370,898,14,679,498,423,183,581,isopropyl"
"371,895,14,675,496,414,187,581,isopropyl"
"369,898,12,675,495,409,183,576,isopropyl"
"368,901,14,679,496,407,182,580,isopropyl"
"367,896,14,678,502,413,184,581,isopropyl"
"369,898,14,679,496,410,184,577,isopropyl"
"366,899,31,691,507,411,186,581,isopropyl"
"368,896,14,678,493,410,183,580,isopropyl"
"378,913,14,678,498,409,182,582,isopropyl"
"372,895,15,679,502,410,184,585,isopropyl"
"371,897,15,678,497,410,183,578,isopropyl"
"370,896,12,681,497,409,182,577,isopropyl"
"370,895,14,678,499,409,182,589,isopropyl"
"370,908,15,680,498,414,183,583,isopropyl"
"371,894,12,678,495,407,182,585,isopropyl"
"369,894,15,674,499,413,183,581,isopropyl"
"369,894,14,677,499,408,184,584,isopropyl"
"369,893,13,668,496,410,185,581,isopropyl"
"369,897,15,678,501,414,185,576,isopropyl"
"368,897,41,675,496,432,184,582,isopropyl"
"372,899,14,678,495,411,186,581,isopropyl"
"370,893,14,678,496,411,183,578,isopropyl"
"372,897,15,680,498,408,185,582,isopropyl"
"369,891,16,679,499,407,185,581,isopropyl"
"371,894,14,679,497,410,185,575,isopropyl"
"370,894,13,678,496,409,211,582,isopropyl"
"370,897,13,678,498,410,186,580,isopropyl"
"372,897,14,676,494,410,185,581,isopropyl"
"372,893,12,703,498,411,184,581,isopropyl"
"368,892,14,681,495,409,183,577,isopropyl"
"368,897,13,678,499,410,200,579,isopropyl"
"370,891,40,678,498,410,171,572,isopropyl"
"370,890,14,678,502,405,185,581,isopropyl"
"370,894,12,676,497,409,184,581,isopropyl"
"374,894,10,677,496,409,189,580,isopropyl"
"369,893,14,676,497,409,180,581,isopropyl"
"370,895,14,682,497,409,175,580,isopropyl"
"371,898,14,677,497,409,180,592,isopropyl"
"369,898,14,676,497,412,195,578,isopropyl"
"368,897,13,680,509,409,178,579,isopropyl"
"372,893,11,679,501,405,174,581,isopropyl"
"370,896,8,681,498,409,185,576,isopropyl"
"368,894,14,678,494,409,186,580,isopropyl"
"373,891,15,680,500,408,186,580,isopropyl"
"370,897,13,678,498,408,185,585,isopropyl"
"373,897,12,677,496,407,183,580,isopropyl"
"373,902,14,679,494,409,187,580,isopropyl"
"365,898,15,676,496,407,191,579,isopropyl"
"368,898,19,680,499,406,184,580,isopropyl"
"369,894,12,683,497,409,178,581,isopropyl"
"370,891,13,679,497,411,190,579,isopropyl"
"368,893,14,669,498,410,186,578,isopropyl"
"368,893,14,674,496,414,180,581,isopropyl"
"368,896,13,677,519,407,188,588,isopropyl"
"371,890,20,681,496,408,186,584,isopropyl"
"370,891,14,678,497,433,175,582,isopropyl"
"368,895,48,671,496,416,185,580,isopropyl"
"367,908,14,679,497,409,187,579,isopropyl"
"371,894,14,679,497,408,185,580,isopropyl"
"369,894,13,680,499,408,186,593,isopropyl"
"370,890,14,679,498,409,185,579,isopropyl"
"369,896,14,669,497,410,201,582,isopropyl"
"370,891,10,676,497,409,185,579,isopropyl"
"371,907,15,679,498,419,203,574,isopropyl"
"369,893,14,680,497,409,185,581,isopropyl"
"371,894,14,678,496,404,185,578,isopropyl"
"370,896,13,679,498,409,186,603,isopropyl"
"371,894,7,680,497,411,186,575,isopropyl"
"371,893,14,672,500,409,183,580,isopropyl"
"368,890,23,678,501,409,185,579,isopropyl"
"370,893,13,677,497,399,205,581,isopropyl"
"371,893,14,675,499,407,183,581,isopropyl"
"369,897,14,677,498,404,184,579,isopropyl"
"370,897,14,679,501,406,186,578,isopropyl"
"369,893,14,681,496,409,182,585,isopropyl"
"370,891,14,679,497,408,185,578,isopropyl"
"369,892,15,679,498,409,186,588,isopropyl"
"374,896,14,679,497,410,187,583,isopropyl"
"370,891,14,667,496,408,184,578,isopropyl"
"370,893,14,679,492,409,185,580,isopropyl"
"371,896,13,670,501,407,181,579,isopropyl"
"371,896,14,678,498,413,186,580,isopropyl"
"372,897,13,685,494,409,190,577,isopropyl"
"375,890,13,690,496,410,193,578,isopropyl"
"367,891,14,677,498,408,185,594,isopropyl"
"368,893,14,677,498,411,186,580,isopropyl"
"368,893,13,677,493,410,185,579,isopropyl"
"371,923,13,682,496,408,192,578,isopropyl"
"371,893,15,680,496,408,185,566,isopropyl"
"368,895,13,678,497,408,189,578,isopropyl"
"372,895,14,679,496,409,185,581,isopropyl"
"369,904,13,679,497,406,191,577,isopropyl"
"370,893,13,677,489,404,187,580,isopropyl"
"371,894,12,673,495,410,186,582,isopropyl"
"370,895,14,679,496,408,187,579,isopropyl"
"369,898,13,677,498,408,185,578,isopropyl"
"371,896,13,678,497,416,185,578,isopropyl"
"371,892,12,680,497,411,183,577,isopropyl"
"369,893,12,679,497,412,186,598,isopropyl"
"367,892,17,679,498,410,184,579,isopropyl"
"371,913,12,679,498,413,185,577,isopropyl"
"372,888,12,679,496,410,187,579,isopropyl"
"370,896,14,678,496,407,186,578,isopropyl"
"372,895,14,678,497,409,187,579,isopropyl"
"374,901,13,678,498,408,180,580,isopropyl"
"370,891,14,677,496,409,185,584,isopropyl"
"369,896,14,678,497,410,186,578,isopropyl"
"374,897,14,681,497,407,187,578,isopropyl"
"371,892,14,678,496,408,185,572,isopropyl"
"371,897,5,679,498,408,186,577,isopropyl"
"375,892,14,690,501,411,186,579,isopropyl"
"373,896,13,678,498,409,186,581,isopropyl"
"371,896,4,677,500,409,187,568,isopropyl"
"375,899,15,678,497,408,185,581,isopropyl"
"374,893,14,680,498,410,186,582,isopropyl"
"377,898,22,679,498,407,185,580,isopropyl"
"370,897,14,680,496,408,183,580,isopropyl"
"373,900,17,682,497,410,185,577,isopropyl"
"374,896,13,680,499,433,188,580,isopropyl"
"368,895,15,681,501,411,181,583,isopropyl"
"371,893,13,679,497,414,188,577,isopropyl"
"371,889,21,677,497,409,188,581,isopropyl"
"367,891,16,677,499,408,203,582,isopropyl"
"371,895,13,680,497,408,188,580,isopropyl"
"369,894,14,679,514,409,181,581,isopropyl"
"372,895,15,680,496,409,187,579,isopropyl"
"373,892,13,678,497,413,186,579,isopropyl"
"369,892,15,680,499,410,189,581,isopropyl"
"368,897,9,679,498,405,187,591,isopropyl"
"366,920,24,683,491,416,188,578,isopropyl"
"373,894,14,678,499,412,188,578,isopropyl"
"373,892,13,679,498,405,186,576,isopropyl"
"374,895,14,677,496,410,182,575,isopropyl"
"370,898,13,679,497,410,183,585,isopropyl"
"371,898,21,680,497,409,187,582,isopropyl"
"372,898,14,680,509,410,186,578,isopropyl"
"371,896,14,678,498,407,186,577,isopropyl"
"372,893,13,681,497,410,188,579,isopropyl"
"371,895,17,680,498,411,188,580,isopropyl"
"360,897,12,679,499,410,203,581,isopropyl"
"370,896,14,677,498,409,188,579,isopropyl"
"372,894,48,681,497,413,187,582,isopropyl"
"372,894,14,677,497,404,191,579,isopropyl"
"370,890,14,677,500,409,197,579,isopropyl"
"372,894,22,680,495,405,187,578,isopropyl"
"374,893,13,681,498,410,190,576,isopropyl"
"373,891,20,679,498,411,198,578,isopropyl"
"369,897,13,678,498,407,187,579,isopropyl"
"373,896,15,679,510,407,188,579,isopropyl"
"374,900,13,688,495,410,187,578,isopropyl"
"367,897,12,680,498,409,188,579,isopropyl"
"371,900,13,679,500,410,187,580,isopropyl"
"371,896,13,678,499,413,187,579,isopropyl"
"373,890,13,680,494,409,189,582,isopropyl"
"365,893,14,677,510,410,187,598,isopropyl"
"371,899,12,679,498,420,185,579,isopropyl"
"375,897,12,673,504,410,190,583,isopropyl"
"368,903,14,680,501,415,189,580,isopropyl"
"366,894,5,702,498,420,188,578,isopropyl"
"373,896,14,681,496,412,188,578,isopropyl"
"373,893,13,679,501,411,211,609,isopropyl"
"377,897,13,675,497,410,188,578,isopropyl"
"371,898,13,674,491,410,191,577,isopropyl"
"371,894,14,679,496,410,188,582,isopropyl"
"373,896,14,678,494,407,187,578,isopropyl"
"367,891,14,679,497,421,189,582,isopropyl"
"371,893,13,677,497,409,189,578,isopropyl"
"373,896,13,674,497,409,187,584,isopropyl"
"372,897,14,681,501,409,187,579,isopropyl"
"373,898,14,678,496,409,187,583,isopropyl"
"379,920,12,677,498,414,187,574,isopropyl"
"373,899,14,679,496,408,204,577,isopropyl"
"371,897,13,680,496,410,200,579,isopropyl"
"372,895,14,678,495,409,188,585,isopropyl"
"371,896,14,677,496,408,185,573,isopropyl"
"373,895,14,682,496,411,189,578,isopropyl"
"371,895,13,679,496,406,194,577,isopropyl"
"370,919,14,679,499,405,188,577,isopropyl"
"371,895,20,677,500,431,189,578,isopropyl"
"371,891,35,677,497,410,193,576,isopropyl"
"377,889,14,672,499,410,186,579,isopropyl"
"373,895,15,678,500,409,187,577,isopropyl"
"369,910,13,680,499,410,187,575,isopropyl"
"369,894,12,675,497,410,189,576,isopropyl"
"370,894,17,676,498,410,189,581,isopropyl"
"372,891,13,676,491,410,188,589,isopropyl"
"369,895,14,678,494,408,202,580,isopropyl"
"373,897,14,680,496,411,187,578,isopropyl"
"373,895,13,678,500,408,189,578,isopropyl"
"379,890,14,677,498,410,187,577,isopropyl"
"370,893,14,678,496,409,188,577,isopropyl"
"372,892,13,680,495,411,206,582,isopropyl"
"372,888,13,676,496,409,188,582,isopropyl"
"381,897,15,674,496,407,188,577,isopropyl"
"368,899,13,679,497,409,189,573,isopropyl"
"372,890,4,678,488,415,189,577,isopropyl"
"369,894,14,679,497,415,192,581,isopropyl"
"371,893,14,675,494,412,194,579,isopropyl"
"372,896,13,678,496,408,188,578,isopropyl"
"371,897,13,679,503,410,186,574,isopropyl"
"370,894,13,679,498,408,190,576,isopropyl"
"372,898,11,680,498,408,188,581,isopropyl"
"373,894,14,679,497,409,193,576,isopropyl"
"370,894,53,677,498,407,188,578,isopropyl"
"372,894,14,677,497,411,188,578,isopropyl"
"372,896,14,676,496,409,193,577,isopropyl"
"373,890,13,679,499,409,188,577,isopropyl"
"373,894,12,680,498,410,188,612,isopropyl"
"369,891,13,677,498,425,186,596,isopropyl"
"364,895,6,679,495,408,184,581,isopropyl"
"371,894,15,679,511,410,191,576,isopropyl"
"371,897,13,671,495,411,188,587,isopropyl"
"370,889,13,678,499,411,186,578,isopropyl"
"371,889,14,677,493,412,193,576,isopropyl"
"367,892,14,694,496,410,189,580,isopropyl"
"372,891,12,677,497,412,189,578,isopropyl"
"372,896,14,678,496,407,190,576,isopropyl"
"371,892,14,678,516,434,188,577,isopropyl"
"370,890,22,679,499,415,188,581,isopropyl"
"370,889,15,677,497,408,188,573,isopropyl"
"372,894,12,673,494,409,188,580,isopropyl"
"370,894,13,676,497,408,196,580,isopropyl"
"374,893,12,676,496,410,189,578,isopropyl"
"372,916,25,679,494,415,190,578,isopropyl"
"372,894,12,679,498,407,188,568,isopropyl"
"370,897,14,671,497,409,193,578,isopropyl"
"370,894,14,679,496,408,189,577,isopropyl"
"375,892,11,678,496,409,188,593,isopropyl"
"370,895,25,682,496,411,188,575,isopropyl"
"369,893,13,677,498,409,186,573,isopropyl"
"371,892,15,678,496,415,192,583,isopropyl"
"371,894,26,678,495,410,190,575,isopropyl"
"368,894,16,678,498,409,190,582,isopropyl"
"373,892,17,677,498,412,191,578,isopropyl"
"368,894,24,682,496,433,189,577,isopropyl"
"363,894,13,678,496,409,188,577,isopropyl"
"382,888,13,677,499,410,189,577,isopropyl"
"373,892,13,673,495,409,194,582,isopropyl"
"368,886,14,672,497,409,190,579,isopropyl"
"370,894,13,677,499,413,190,582,isopropyl"
"376,892,20,679,497,409,188,576,isopropyl"
"372,888,14,676,487,408,195,578,isopropyl"
"369,890,14,677,496,408,193,577,isopropyl"
"373,895,13,666,502,407,189,583,isopropyl"
"383,898,10,678,497,408,190,576,isopropyl"
"369,895,15,679,502,410,204,575,isopropyl"
"370,891,20,681,498,410,190,581,isopropyl"
"372,893,13,677,495,408,190,576,isopropyl"
"373,894,21,677,497,409,189,578,isopropyl"
"369,895,9,677,490,410,190,580,isopropyl"
"370,895,13,676,496,410,190,578,isopropyl"
"372,881,14,679,497,408,189,597,isopropyl"
"372,890,15,679,488,410,191,578,isopropyl"
"372,895,14,677,498,411,188,583,isopropyl"
"373,894,14,676,496,409,191,578,isopropyl"
"367,895,18,680,496,408,190,577,isopropyl"
"390,891,14,679,501,409,185,576,isopropyl"
"370,891,49,677,497,410,191,607,isopropyl"
"372,893,6,677,501,409,191,579,isopropyl"
"374,894,13,678,497,413,190,582,isopropyl"
"371,897,14,677,496,430,190,576,isopropyl"
"371,892,38,678,497,417,190,578,isopropyl"
"372,888,5,679,498,410,190,577,isopropyl"
"370,897,14,677,498,410,190,576,isopropyl"
"372,898,15,677,496,411,191,608,isopropyl"
"372,895,16,678,496,408,190,586,isopropyl"
"367,893,13,677,497,409,188,577,isopropyl"
"371,892,16,679,498,409,190,586,isopropyl"
"372,897,13,687,493,410,192,581,isopropyl"
"371,893,13,678,494,409,189,589,isopropyl"
"371,894,16,677,496,409,192,578,isopropyl"
"365,895,14,680,500,408,190,576,isopropyl"
"371,892,14,680,502,411,189,578,isopropyl"
"371,894,13,678,497,410,174,579,isopropyl"
"371,896,14,678,511,410,191,581,isopropyl"
"373,897,8,679,497,407,190,574,isopropyl"
"371,895,14,680,494,409,192,582,isopropyl"
"372,893,14,678,511,416,189,576,isopropyl"
"371,894,56,678,498,414,194,575,isopropyl"
"370,895,14,675,496,410,190,578,isopropyl"
"373,898,14,677,498,409,189,574,isopropyl"
"370,896,9,681,491,416,191,575,isopropyl"
"371,892,14,679,498,409,190,576,isopropyl"
"376,896,13,678,501,417,190,581,isopropyl"
"374,893,15,679,499,397,191,582,isopropyl"
"370,895,14,681,497,409,191,574,isopropyl"
"372,896,14,677,497,409,190,581,isopropyl"
"371,893,16,679,512,402,191,577,isopropyl"
"365,892,14,678,498,405,187,575,isopropyl"
"373,894,14,679,512,409,186,576,isopropyl"
"372,896,35,677,492,410,186,585,isopropyl"
"369,894,14,678,509,415,192,574,isopropyl"
"390,895,13,680,499,417,189,575,isopropyl"
"372,897,13,677,497,410,191,583,isopropyl"
"373,894,17,679,496,409,190,577,isopropyl"
"373,894,29,682,496,410,205,575,isopropyl"
"361,896,12,681,499,409,191,576,isopropyl"
"373,893,13,677,497,410,192,581,isopropyl"
"370,894,14,681,500,409,198,577,isopropyl"
"373,895,14,676,497,408,190,577,isopropyl"
"371,894,13,677,495,409,189,577,isopropyl"
"374,892,14,684,496,409,191,577,isopropyl"
"360,896,13,678,498,404,190,574,isopropyl"
"367,896,13,678,498,409,193,578,isopropyl"
"370,891,13,699,496,410,191,577,isopropyl"
"370,898,13,677,497,409,190,575,isopropyl"
"372,895,13,680,496,416,192,575,isopropyl"
"373,892,14,676,498,412,190,577,isopropyl"
"373,900,14,677,487,412,193,578,isopropyl"
"372,892,14,677,496,409,194,584,isopropyl"
"371,896,14,677,496,409,199,572,isopropyl"
"373,891,32,678,495,408,191,578,isopropyl"
"371,896,14,679,498,409,191,570,isopropyl"
"372,893,14,678,496,408,191,577,isopropyl"
"372,895,13,677,495,428,191,578,isopropyl"
"375,896,10,680,519,410,190,576,isopropyl"
"372,892,13,677,497,412,191,575,isopropyl"
"388,891,19,677,497,409,193,576,isopropyl"
"373,891,13,678,499,404,202,590,isopropyl"
"373,891,14,675,488,409,190,580,isopropyl"
"371,893,12,678,499,408,193,575,isopropyl"
"371,893,15,677,496,407,192,575,isopropyl"
"370,918,15,676,497,410,193,575,isopropyl"
"372,896,13,680,497,409,193,574,isopropyl"
"375,897,14,676,496,411,190,577,isopropyl"
"367,896,12,676,497,410,191,575,isopropyl"
"371,892,4,679,497,396,191,577,isopropyl"
"370,888,14,678,497,411,192,578,isopropyl"
"371,889,16,676,495,409,192,578,isopropyl"
"373,895,13,679,488,410,191,576,isopropyl"
"371,895,13,674,498,409,192,575,isopropyl"
"372,895,22,677,496,413,191,569,isopropyl"
"367,893,17,678,497,408,193,575,isopropyl"
"370,895,15,676,495,406,189,573,isopropyl"
"372,894,15,680,499,408,208,599,isopropyl"
"369,890,14,679,501,410,191,580,isopropyl"
"372,895,14,673,494,411,194,576,isopropyl"
"372,893,16,678,495,409,191,568,isopropyl"
"364,898,13,678,497,408,191,576,isopropyl"
"372,896,14,679,497,409,190,575,isopropyl"
"371,889,14,679,501,410,204,576,isopropyl"
"372,895,14,676,495,408,191,577,isopropyl"
"397,902,15,677,496,409,188,577,isopropyl"
"372,884,14,675,499,411,192,576,isopropyl"
"370,888,14,679,498,410,186,573,isopropyl"
"369,891,14,678,497,405,207,576,isopropyl"
"373,893,13,676,497,408,200,576,isopropyl"
"376,902,14,678,497,407,192,575,isopropyl"
"372,895,14,679,495,408,191,575,isopropyl"
"397,895,13,680,499,409,192,575,isopropyl"
"372,893,14,679,495,411,191,577,isopropyl"
"373,895,14,678,496,409,188,576,isopropyl"
"373,898,12,679,497,414,194,575,isopropyl"
"365,893,16,682,496,410,191,571,isopropyl"
"373,890,14,680,497,410,193,576,isopropyl"
"369,892,14,673,495,411,189,577,isopropyl"
"371,891,13,679,498,397,193,577,isopropyl"
"366,891,15,678,497,409,192,599,isopropyl"
"372,892,12,680,498,407,191,577,isopropyl"
"371,892,15,679,500,413,192,582,isopropyl"
"368,896,16,676,499,409,193,579,isopropyl"
"375,894,13,675,495,408,193,573,isopropyl"
"373,916,13,680,498,413,192,575,isopropyl"
"378,894,13,678,493,410,192,583,isopropyl"
"372,893,13,665,498,410,191,575,isopropyl"
"373,893,15,677,497,410,193,577,isopropyl"
"375,893,14,677,497,409,191,577,isopropyl"
"373,892,14,679,495,407,192,584,isopropyl"
"372,894,14,678,500,408,188,576,isopropyl"
"372,893,14,679,497,411,184,576,isopropyl"
"370,904,14,672,497,405,193,582,isopropyl"
"373,884,8,678,497,409,191,576,isopropyl"
"373,890,14,678,497,410,208,575,isopropyl"
"373,913,14,679,497,409,188,576,isopropyl"
"371,890,13,673,496,412,192,574,isopropyl"
"374,904,13,677,512,409,187,577,isopropyl"
"374,887,15,677,495,408,191,588,isopropyl"
"370,896,14,703,497,409,195,571,isopropyl"
"370,889,13,675,497,406,194,574,isopropyl"
"374,907,12,679,497,408,193,574,isopropyl"
"372,892,13,679,497,409,193,577,isopropyl"
"374,896,13,676,503,410,192,577,isopropyl"
"372,893,15,679,496,410,188,576,isopropyl"
"370,892,10,681,497,410,192,577,isopropyl"
"371,890,8,677,499,410,192,577,isopropyl"
"372,890,14,677,494,408,190,583,isopropyl"
"374,893,15,680,495,407,192,576,isopropyl"
"372,894,15,680,495,413,190,577,isopropyl"
"372,892,13,680,498,411,192,579,isopropyl"
"373,895,14,680,493,424,194,580,isopropyl"
"382,892,13,681,492,412,188,607,isopropyl"
"373,893,14,679,496,408,193,575,isopropyl"
"372,894,15,677,498,409,192,575,isopropyl"
"371,893,14,679,498,429,195,577,isopropyl"
"373,895,14,677,499,408,193,576,isopropyl"
"373,893,13,679,490,405,193,576,isopropyl"
"372,895,14,681,496,406,192,573,isopropyl"
"370,894,13,679,498,420,192,575,isopropyl"
"371,894,13,669,497,409,193,579,isopropyl"
"373,891,13,681,498,409,192,578,isopropyl"
"371,895,6,682,513,409,193,577,isopropyl"
"377,895,14,679,498,409,193,581,isopropyl"
"374,896,15,680,494,408,192,577,isopropyl"
"369,894,13,680,496,410,200,576,isopropyl"
"375,895,13,681,497,409,193,572,isopropyl"
"374,893,13,680,495,409,193,575,isopropyl"
"372,897,13,677,491,409,193,575,isopropyl"
"370,904,13,683,518,411,193,570,isopropyl"
"371,894,14,684,500,408,193,574,isopropyl"
"372,896,13,677,495,408,196,577,isopropyl"
"372,897,17,691,498,400,193,586,isopropyl"
"373,898,11,679,497,409,195,598,isopropyl"
"368,895,13,684,502,409,194,575,isopropyl"
"372,890,11,681,497,411,192,576,isopropyl"
"372,891,14,680,497,409,194,577,isopropyl"
"373,894,13,679,500,410,180,577,isopropyl"
"368,895,11,671,494,409,194,581,isopropyl"
"372,895,13,684,499,408,200,575,isopropyl"
"373,894,15,680,498,412,194,575,isopropyl"
"372,895,13,680,500,409,194,577,isopropyl"
"373,895,16,679,497,403,193,576,isopropyl"
"372,897,14,681,495,411,192,577,isopropyl"
"371,888,14,681,514,400,193,575,isopropyl"
"370,896,10,680,499,406,194,576,isopropyl"
"373,893,21,676,500,410,193,577,isopropyl"
"374,895,12,676,497,410,191,579,isopropyl"
"369,894,14,678,497,412,194,577,isopropyl"
"372,895,14,678,498,410,194,577,isopropyl"
"371,895,14,680,497,410,194,576,isopropyl"
"373,892,14,686,494,412,193,576,isopropyl"
"371,895,11,681,497,412,194,575,isopropyl"
"373,891,13,680,497,410,179,577,isopropyl"
"374,912,13,680,498,407,193,579,isopropyl"
"373,894,14,693,499,411,194,578,isopropyl"
"373,892,9,682,502,409,197,573,isopropyl"
"372,904,12,679,498,410,182,577,isopropyl"
"378,897,13,680,499,412,199,577,isopropyl"
"376,895,12,679,498,409,191,600,isopropyl"
"374,893,14,680,498,410,193,575,isopropyl"
"374,895,15,681,497,410,198,577,isopropyl"
"373,895,12,680,496,410,194,577,isopropyl"
"372,897,12,680,496,412,194,578,isopropyl"
"374,892,14,681,498,414,196,577,isopropyl"
"372,897,6,679,494,412,195,580,isopropyl"
"374,895,47,682,498,410,193,577,isopropyl"
"373,892,13,681,498,411,196,578,isopropyl"
"375,895,14,681,497,411,194,578,isopropyl"
"374,895,9,680,505,410,197,596,isopropyl"
"374,897,14,675,497,410,194,576,isopropyl"
"363,893,14,679,497,409,196,576,isopropyl"
"374,891,14,677,513,411,194,579,isopropyl"
"374,897,19,682,498,411,194,575,isopropyl"
"373,898,13,684,499,413,195,578,isopropyl"
"375,896,13,681,498,412,193,576,isopropyl"
"374,898,12,679,500,409,194,576,isopropyl"
"373,898,14,681,498,409,194,575,isopropyl"
"371,895,13,681,506,425,194,578,isopropyl"
"374,897,11,680,500,409,196,578,isopropyl"
"374,892,14,679,498,410,198,578,isopropyl"
"372,895,14,679,497,409,196,579,isopropyl"
"374,899,14,681,497,409,191,576,isopropyl"
"378,896,13,681,498,411,194,576,isopropyl"
"373,893,13,676,498,410,191,576,isopropyl"
"374,893,5,682,497,410,193,580,isopropyl"
"372,894,13,679,496,413,195,579,isopropyl"
"376,897,15,681,498,409,195,574,isopropyl"
"373,897,12,681,520,409,191,575,isopropyl"
"374,893,12,681,498,405,218,577,isopropyl"
"370,893,11,680,501,409,195,576,isopropyl"
"373,892,14,674,498,417,196,576,isopropyl"
"376,894,6,677,497,409,207,575,isopropyl"
"373,897,14,677,497,409,193,576,isopropyl"
"374,893,13,678,500,409,195,575,isopropyl"
"360,896,13,679,495,409,196,576,isopropyl"
"369,899,11,679,499,409,201,577,isopropyl"
"374,891,13,678,495,408,195,580,isopropyl"
"372,896,15,679,498,410,195,576,isopropyl"
"371,896,12,680,498,409,192,577,isopropyl"
"372,894,12,680,497,408,195,578,isopropyl"
"372,896,10,677,510,413,195,586,isopropyl"
"376,894,14,678,496,410,195,578,isopropyl"
"373,890,12,677,493,405,193,583,isopropyl"
"373,897,19,675,496,405,195,579,isopropyl"
"372,893,12,679,496,408,196,575,isopropyl"
"371,895,14,680,498,416,196,576,isopropyl"
"373,891,13,677,500,408,195,579,isopropyl"
"374,895,15,678,501,410,191,577,isopropyl"
"376,891,13,680,498,410,195,576,isopropyl"
"373,894,6,681,498,409,198,576,isopropyl"
"373,894,17,681,500,410,195,578,isopropyl"
"378,893,14,683,498,410,197,577,isopropyl"
"373,898,14,680,498,421,197,576,isopropyl"
"375,911,13,680,498,410,195,579,isopropyl"
"367,894,13,681,498,410,196,575,isopropyl"
"374,892,14,691,498,409,209,574,isopropyl"
"372,889,28,682,497,405,196,577,isopropyl"
"376,894,13,684,498,410,195,578,isopropyl"
"377,895,13,679,513,409,195,576,isopropyl"
"373,898,11,693,499,409,195,585,isopropyl"
"374,906,12,679,498,412,205,572,isopropyl"
"376,896,12,679,496,410,191,575,isopropyl"
"376,894,13,703,498,412,208,577,isopropyl"
"373,897,18,679,497,412,194,576,isopropyl"
"371,896,9,682,498,409,198,576,isopropyl"
"374,894,15,683,512,410,195,576,isopropyl"
"371,893,12,677,497,409,196,579,isopropyl"
"372,898,13,677,499,410,195,577,isopropyl"
"372,898,6,682,512,409,197,575,isopropyl"
"373,895,13,681,494,409,195,577,isopropyl"
"372,892,13,677,498,410,196,576,isopropyl"
"374,897,14,669,495,411,201,573,isopropyl"
"374,899,19,681,493,409,204,576,isopropyl"
"377,894,13,684,495,406,199,576,isopropyl"
"375,893,9,680,499,411,196,575,isopropyl"
"375,899,14,678,498,409,195,576,isopropyl"
"373,899,9,675,498,407,196,576,isopropyl"
"372,896,23,688,500,414,192,576,isopropyl"
"370,894,14,681,498,408,200,575,isopropyl"
"374,894,13,678,497,410,192,575,isopropyl"
"374,894,21,678,498,410,194,575,isopropyl"
"375,899,13,678,497,410,196,580,isopropyl"
"371,894,11,679,497,408,196,575,isopropyl"
"368,892,14,680,499,408,196,575,isopropyl"
"374,892,13,673,495,408,194,576,isopropyl"
"375,894,14,682,497,409,195,578,isopropyl"
"373,896,12,676,497,407,194,607,isopropyl"
"372,893,16,681,497,409,194,577,isopropyl"
"375,888,13,676,518,409,192,577,isopropyl"
"373,892,13,689,497,409,197,578,isopropyl"
"373,895,13,676,497,414,192,579,isopropyl"
"374,894,14,678,498,409,196,575,isopropyl"
"373,897,16,679,502,426,200,575,isopropyl"
"373,895,14,680,498,409,198,575,isopropyl"
"374,897,15,679,497,409,195,574,isopropyl"
"373,894,14,677,496,411,197,572,isopropyl"
"374,885,42,679,509,404,196,575,isopropyl"
"378,894,14,679,506,431,196,575,isopropyl"
"373,893,13,687,498,408,197,574,isopropyl"
"372,891,14,679,497,419,194,575,isopropyl"
"374,894,12,696,497,409,195,575,isopropyl"
"371,893,14,676,498,405,195,573,isopropyl"
"371,893,39,680,497,408,196,577,isopropyl"
"371,895,11,697,497,408,196,574,isopropyl"
"372,894,14,679,498,409,196,575,isopropyl"
"372,893,14,679,499,408,195,607,isopropyl"
"373,896,13,680,492,409,197,570,isopropyl"
"366,894,12,680,499,409,194,574,isopropyl"
"372,890,13,679,488,410,196,575,isopropyl"
"374,895,13,680,499,408,196,578,isopropyl"
"374,895,13,678,500,408,195,575,isopropyl"
"368,894,11,680,497,415,196,571,isopropyl"
"381,891,13,680,498,409,185,575,isopropyl"
"374,892,10,674,500,409,195,574,isopropyl"
"372,893,13,679,497,408,193,574,isopropyl"
"375,895,15,679,492,408,195,574,isopropyl"
"372,894,13,680,491,409,213,573,isopropyl"
"373,892,14,680,494,410,191,573,isopropyl"
"371,886,14,679,506,409,195,572,isopropyl"
"372,892,14,679,493,409,192,573,isopropyl"
"373,896,14,678,506,409,194,591,isopropyl"
"373,895,13,677,495,408,196,575,isopropyl"
"373,892,14,679,497,405,196,574,isopropyl"
"373,896,13,675,499,411,196,573,isopropyl"
"370,892,14,681,497,411,193,574,isopropyl"
"371,894,13,678,501,409,197,576,isopropyl"
"369,899,13,678,501,408,195,573,isopropyl"
"373,899,13,681,496,409,194,575,isopropyl"
"375,889,14,680,497,406,203,574,isopropyl"
"372,916,15,675,498,404,197,574,isopropyl"
"373,889,13,677,501,409,196,575,isopropyl"
"374,897,14,679,493,407,195,576,isopropyl"
"374,896,13,678,497,408,189,574,isopropyl"
"369,907,14,684,501,410,195,573,isopropyl"
"374,890,14,676,510,408,196,585,isopropyl"
"372,895,13,678,496,408,196,574,isopropyl"
"373,896,15,679,507,409,199,573,isopropyl"
"370,897,14,678,497,409,196,574,isopropyl"
"372,896,14,679,500,406,195,574,isopropyl"
"369,893,14,676,497,411,198,574,isopropyl"
"374,892,15,678,496,409,196,573,isopropyl"
"371,898,13,681,496,414,197,573,isopropyl"
"372,895,16,679,496,408,196,573,isopropyl"
"370,895,16,678,498,412,195,572,isopropyl"
"370,886,16,678,496,409,196,573,isopropyl"
"373,896,14,678,496,409,198,582,isopropyl"
"384,896,13,677,511,408,195,575,isopropyl"
"372,895,14,681,498,414,195,574,isopropyl"
"372,891,14,677,498,408,196,574,isopropyl"
